"X;Y;OBJECTID;advisorySpeed;areaUnitID;bicycle;bridge;bus;carStationWagon;cliffBank;crashDirectionDescription;crashFinancialYear;crashLocation1;crashLocation2;crashRoadSideRoad;crashSeverity;crashSHDescription;crashYear;debris;directionRoleDescription;ditch;fatalCount;fence;flatHill;guardRail;holiday;houseOrBuilding;intersection;kerb;light;meshblockId;minorInjuryCount;moped;motorcycle;NumberOfLanes;objectThrownOrDropped;otherObject;otherVehicleType;overBank;parkedVehicle;pedestrian;phoneBoxEtc;postOrPole;region;roadCharacter;roadLane;roadSurface;roadworks;schoolBus;seriousInjuryCount;slipOrFlood;speedLimit;strayAnimal;streetLight;suv;taxi;temporarySpeedLimit;tlaId;tlaName;trafficControl;trafficIsland;trafficSign;train;tree;truck;unknownVehicleType;urban;vanOrUtility;vehicle;waterRiver;weatherA;weatherB";;;;;;;;;;
"1765690;5901418;1;;524604;0;;0;1;;East;2010;BROWNS ROAD;ROSCOMMON ROAD;;Non-Injury Crash;No;2010;;East;;0;;Flat;;;;;;Overcast;781302;0;0;0;2;;;0;;;;;;Auckland Region;Nil;2-way;Sealed;;0;0;;50;;Off;0;0;;76;Auckland;Nil;;;;;0;0;Urban;1;;;Fine;Null";;;;;;;;;;
"1768108;5904089;2;;523820;0;0;0;1;0;South;2003;SH 1N;MANUKAU OFF SBD;;Non-Injury Crash;Yes;2002;0;South;0;0;0;Flat;1;;0;;0;Dark;759901;0;0;0;3;0;0;0;0;0;;0;0;Auckland Region;Nil;1-way;Sealed;0;0;0;0;100;0;On;0;0;;76;Auckland;Nil;0;0;0;1;0;0;Open;0;0;0;Heavy rain;Null";;;;;;;;;;
"1931180;5604952;3;;548000;0;0;0;1;0;East;2009;CAMBRIDGE ST;JERVOIS ST;;Minor Crash;No;2008;0;East;0;0;0;Flat;0;;0;;0;Twilight;1497700;1;0;0;2;0;0;0;0;1;;0;0;Hawke's Bay Region;Nil;2-way;Sealed;0;0;0;0;50;0;None;0;0;;30;Hastings District;Nil;0;0;0;0;0;0;Urban;1;0;0;Fine;Null";;;;;;;;;;
"1553973;5171102;4;;597512;0;;0;1;;Null;2014;SELWYN ROAD;WEEDONS ROAD;;Non-Injury Crash;No;2014;;North;;0;;Flat;;;;;;Bright sun;2719902;0;0;0;2;;;0;;;;;;Canterbury Region;Nil;2-way;Sealed;;0;0;;100;;Null;0;0;;62;Selwyn District;Stop;;;;;1;0;Open;0;;;Fine;Null";;;;;;;;;;
"1843276;5597186;5;;559220;0;;0;2;;Null;2006;SH 1N;UTIKU SOUTH ROAD;;Non-Injury Crash;Yes;2005;;South;;0;;Flat;;;;;;Bright sun;1746400;0;0;0;2;;;0;;;;;;Manawatu-Wanganui Region;Nil;2-way;Sealed;;0;0;;100;;Null;0;0;;38;Rangitikei District;Nil;;;;;0;0;Open;0;;;Fine;Null";;;;;;;;;;
"1748762;5428648;6;;573000;0;0;1;0;0;North;2009;LAMBTON QUAY;BALLANCE ST;;Non-Injury Crash;No;2008;0;North;0;0;0;Flat;0;;0;;0;Overcast;2124200;0;0;0;4;0;0;0;0;1;;0;0;Wellington Region;Nil;2-way;Sealed;0;0;0;0;50;0;Null;0;0;;47;Wellington City;Give way;0;0;0;0;0;0;Urban;1;0;0;Light rain;Null";;;;;;;;;;
"1789525;5754897;7;;532000;0;;0;2;;Null;2005;NGARONGO ST;ESPLANADE;;Non-Injury Crash;No;2005;;North;;0;;Flat;;;;;;Twilight;1005800;0;0;0;2;;;0;;;;;;Waikato Region;Nil;2-way;Sealed;;0;0;;50;;On;0;0;;20;Waitomo District;Give way;;;;;0;0;Urban;0;;;Heavy rain;Null";;;;;;;;;;
"1757597;5926275;8;;507900;0;;0;1;;East;2015;ESMONDE ROAD;BARRYS POINT ROAD;;Minor Crash;No;2014;;West;;0;;Flat;;;;;;Bright sun;304200;1;0;0;6;;;0;;;;;;Auckland Region;Nil;2-way;Sealed;;0;0;;60;;Null;1;0;;76;Auckland;Unknown;;;;;0;0;Urban;0;;;Fine;Null";;;;;;;;;;
"1407309;4924074;9;;601603;0;0;0;1;0;North;2007;SH 1S;WATERMANS COTTAGE OBR;;Non-Injury Crash;Yes;2007;0;South;1;0;0;Hill Road;0;;0;;0;Dark;2863400;0;0;0;2;0;0;0;0;0;;0;0;Otago Region;Nil;2-way;Sealed;0;0;0;0;100;0;None;0;0;;71;Dunedin City;Unknown;0;0;0;0;0;0;Open;0;0;0;Mist or Fog;Null";;;;;;;;;;"1759428;5908632;459554;;524002;0;;0;1;;Null;2004;MCKENZIE ROAD;MILLER ROAD;;Non-Injury Crash;No;2004;;East;;0;;Flat;;;;;;Twilight;724700;0;0;0;2;;;0;;;;;;Auckland Region;Nil;2-way;Sealed;;0;0;;50;;On;0;0;;76;Auckland;Traffic Signals;;;;;0;0;Urban;1;;;Fine;Null"
"1764289;5906822;459555;;522201;0;;0;1;;South;2017;SWAFFIELD ROAD;MCLEAN AVENUE W;;Non-Injury Crash;No;2016;;South;;0;;Null;;;;;;Bright sun;661000;0;0;0;2;;;0;;;;;;Auckland Region;Nil;2-way;Sealed;;0;0;;50;;Null;0;0;;76;Auckland;Unknown;;;;;0;0;Urban;1;;;Null;Null";;;;;;;;;;
"1774416.2945;5579037.2944;459556;;556800;0;0;0;0;0;Null;2019;LONDON STREET;HARRISON STREET;;Non-Injury Crash;No;2019;0;East;0;0;0;Flat;0;;0;;0;Bright sun;1702900;0;0;0;2;0;0;0;0;0;;0;0;Manawatu-Wanganui Region;Nil;2-way;Sealed;0;0;0;0;50;0;Off;0;0;;37;Whanganui District;Give way;0;0;0;1;0;0;Urban;0;0;0;Fine;Null";;;;;;;;;;
"1839436;5531971;459557;;577900;0;0;0;1;1;West;2002;SH 3;GORGE ROAD;;Minor Crash;Yes;2001;0;East;0;0;0;Flat;0;;0;;0;Overcast;2219900;1;0;0;2;0;0;0;0;0;;0;0;Manawatu-Wanganui Region;Nil;2-way;Sealed;0;0;0;0;100;0;Null;0;0;;41;Tararua District;Nil;0;0;0;0;0;0;Open;0;0;0;Heavy rain;Null";;;;;;;;;;
"1745306;5919752;459558;;513301;0;;0;1;;Null;2012;UNIVERSAL DRIVE;LINCOLN ROAD;;Non-Injury Crash;No;2011;;East;;0;;Flat;;;;;;Overcast;232001;0;0;0;4;;;0;;;;;;Auckland Region;Nil;2-way;Sealed;;0;0;;50;;Off;1;0;;76;Auckland;Traffic Signals;;;;;0;0;Urban;0;;;Light rain;Null";;;;;;;;;;
"1740329;5929510;459559;;505604;0;0;0;1;0;Null;2016;RIVERHEAD ROAD;OLD NORTH ROAD;;Non-Injury Crash;No;2016;0;West;0;0;1;Flat;0;;0;;0;Bright sun;214000;0;0;0;2;0;0;0;0;0;;0;0;Auckland Region;Nil;2-way;Sealed;0;0;0;0;80;0;Null;0;0;;76;Auckland;Give way;0;0;0;0;0;0;Open;0;0;0;Fine;Null";;;;;;;;;;
"1242394;4850268;459560;;610800;0;;0;2;;Null;2002;SH 6;GALA ST;;Non-Injury Crash;Yes;2002;;East;;0;;Flat;;;;;;Dark;3116000;0;0;0;4;;;0;;;;;;Southland Region;Nil;2-way;Sealed;;0;0;;50;;On;0;0;;75;Invercargill City;Traffic Signals;;;;;0;0;Urban;0;;;Fine;Null";;;;;;;;;;
"1765675;5913516;459561;;522820;0;;0;3;;North;2015;PAKURANGA ROAD;KERSWILL PLACE;;Non-Injury Crash;No;2014;;North;;0;;Flat;;;;;;Bright sun;695200;0;0;0;2;;;0;;;;;;Auckland Region;Nil;2-way;Sealed;;0;0;;50;;Null;0;0;;76;Auckland;Nil;;;;;0;0;Urban;0;;;Fine;Null";;;;;;;;;;
"1352236;4861031;459562;;607300;0;0;0;1;0;North;2001;KAKA POINT ROAD;PORT MOLYNEUX ROAD;;Fatal Crash;No;2000;0;North;0;1;0;Flat;0;;0;;0;Bright sun;2997600;0;0;0;2;0;0;0;0;0;;0;0;Otago Region;Nil;2-way;Sealed;0;0;0;0;100;0;Null;0;0;;72;Clutha District;Unknown;0;0;0;0;0;0;Open;0;0;0;Fine;Null";;;;;;;;;;
"1888566;5773055;459563;;538731;0;;0;1;;South;2006;BASLEY ROAD;MOREY ST;;Non-Injury Crash;No;2006;;South;;0;;Flat;;;;;;Overcast;1256100;0;0;0;2;;;0;;;;;;Bay of Plenty Region;Nil;2-way;Sealed;;0;0;;50;;Null;0;0;;24;Rotorua District;Unknown;;;;;0;0;Urban;0;;;Light rain;Null";;;;;;;;;;
"1756268;5919213;459564;;515500;0;;0;1;;Null;2006;NEWTON ROAD;ABBEY ST;;Non-Injury Crash;No;2005;;North;;0;;Flat;;;;;;Bright sun;417500;0;0;0;2;;;0;;;;;;Auckland Region;Nil;2-way;Sealed;;0;0;;50;;Off;0;0;;76;Auckland;Nil;;;;;1;0;Urban;0;;;Fine;Null";;;;;;;;;;
"1760743;5906052;459565;;524200;0;;0;1;;East;2015;MASSEY ROAD;MASCOT AVENUE;;Non-Injury Crash;No;2015;;East;;0;;Flat;;;;;;Bright sun;728627;0;0;0;2;;;0;;;;;;Auckland Region;Nil;2-way;Sealed;;0;0;;50;;Null;1;0;;76;Auckland;Nil;;;;;0;0;Urban;0;;;Fine;Null";;;;;;;;;;
"2063116;5742567;459566;;544001;0;;0;1;;North;2014;SH 35;KAIAUA ROAD;;Non-Injury Crash;Yes;2014;;North;;0;;Flat;;;;;;Bright sun;1355400;0;0;0;2;;;0;;;;;;Gisborne Region;Nil;2-way;Sealed;;0;0;;100;;None;1;0;;28;Gisborne District;Nil;;;;;0;0;Open;0;;;Fine;Null";;;;;;;;;;
"1885332;5773879;459567;;540410;0;;0;2;;Null;2003;HINEMARU ST;HINEMOA ST;;Non-Injury Crash;No;2003;;East;;0;;Flat;;;;;;Overcast;1234000;0;0;0;2;;;0;;;;;;Bay of Plenty Region;Nil;2-way;Sealed;;0;0;;50;;Off;0;0;;24;Rotorua District;Give way;;;;;0;0;Urban;0;;;Light rain;Null";;;;;;;;;;
"1752329;5935826;459568;;506300;0;;0;2;;West;2016;LONELY TRACK ROAD;KEWA ROAD;;Non-Injury Crash;No;2015;;South;;0;;Hill Road;;;;;;Overcast;176101;0;0;0;2;;;0;;;;;;Auckland Region;Nil;2-way;Sealed;;0;0;;70;;Off;0;0;;76;Auckland;Unknown;;;;;0;0;Urban;0;;;Fine;Null";;;;;;;;;;
"1810222;5870180;459569;;533901;0;0;0;2;0;Null;2001;SH 2;SH 27;;Non-Injury Crash;Yes;2001;0;West;0;0;0;Flat;0;;0;;0;Overcast;1068700;0;0;0;2;0;0;0;0;0;;0;0;Waikato Region;Nil;2-way;Sealed;0;0;0;0;100;0;None;0;0;;12;Hauraki District;Give way;0;0;0;0;0;0;Open;0;1;0;Light rain;Null";;;;;;;;;;
"1746007;5920393;459570;60;513301;0;;0;1;;East;2004;SH 16;LINCOLN ON EBD;;Minor Crash;Yes;2004;;East;;0;;Flat;;;;;;Bright sun;230200;1;0;1;2;;;0;;;;;;Auckland Region;Nil;1-way;Sealed;;0;0;;100;;Off;0;0;;76;Auckland;Nil;;;;;0;0;Open;1;;;Fine;Null";;;;;;;;;;
"1763811;5904182;459571;;524604;1;0;0;1;0;West;2008;SH 20B;SELFS ROAD;;Minor Crash;Yes;2008;0;East;0;0;0;Flat;0;;0;;0;Twilight;780902;1;0;0;2;0;0;0;0;0;;0;0;Auckland Region;Nil;2-way;Sealed;0;0;0;0;100;0;Off;0;0;;76;Auckland;Nil;0;0;0;0;0;0;Open;0;1;0;Fine;Null";;;;;;;;;;
"1406051;4915945;459572;;602900;1;;0;1;;North;2014;SH 1S;JERVOIS ST;;Minor Crash;Yes;2014;;North;;0;;Flat;;Easter;;;;Bright sun;2895700;1;0;0;2;;;0;;;;;;Otago Region;Nil;2-way;Sealed;;0;0;;50;;Null;0;0;;71;Dunedin City;Nil;;;;;0;0;Urban;0;;;Fine;Null";;;;;;;;;;
"1852055;5764404;459573;;535380;0;;0;1;;Null;2015;BALMORAL DRIVE;SH 1N;;Non-Injury Crash;Yes;2015;;East;;0;;Flat;;;;;;Overcast;1149600;0;0;0;1;;;0;;;;;;Waikato Region;Nil;2-way;Sealed;;0;0;;50;;Null;1;0;;19;South Waikato District;Give way;;;;;0;0;Urban;0;;;Fine;Null";;;;;;;;;;
"1371685;5193906;459574;;585312;0;;0;1;;South;2006;SH 6;PAGANINI CRK CV;;Serious Crash;Yes;2005;;North;;0;;Flat;;;;;;Overcast;2418402;0;0;0;2;;;0;;;;;;West Coast Region;Nil;2-way;Sealed;;0;2;;100;;Null;0;0;;57;Westland District;Nil;;;;;0;0;Open;1;;;Heavy rain;Null";;;;;;;;;;
"1798411;5815880;459575;;528900;0;;0;1;;Null;2014;SH 1N;RIFLE RANGE ROAD;;Minor Crash;Yes;2013;;North;;0;;Flat;;;;;;Bright sun;915500;1;0;0;4;;;0;;;;;;Waikato Region;Nil;2-way;Sealed;;0;0;;50;;Null;0;0;;16;Hamilton City;Give way;;;;;0;0;Urban;1;;;Fine;Null";;;;;;;;;;
"1697269;6079936;459576;;501620;0;;0;1;;South;2006;SH 1N;WAIOMIO ROAD;;Fatal Crash;Yes;2005;;South;;2;;Flat;;Christmas New Year;;;;Bright sun;46700;1;0;0;2;;;0;;;;;;Northland Region;Nil;2-way;Sealed;;0;4;;100;;None;0;0;;1;Far North District;Nil;;;;;0;0;Open;1;;;Fine;Null";;;;;;;;;;
"1750837;5915590;459577;;514802;0;;0;2;;Null;2001;ASH ST;ROSEBANK ROAD;;Minor Crash;No;2000;;West;;0;;Flat;;;;;;Bright sun;386600;1;0;0;5;;;0;;;;;;Auckland Region;Nil;2-way;Sealed;;0;0;;50;;Off;0;0;;76;Auckland;Traffic Signals;;;;;0;0;Urban;0;;;Fine;Null";;;;;;;;;;
"1766652;5910221;459578;;523112;0;;0;2;;Null;2017;EL KOBAR DRIVE;SIR WOOLF FISHER DRIVE;;Non-Injury Crash;No;2017;;North;;0;;Flat;;;;;;Overcast;711301;0;0;0;1;;;0;;;;;;Auckland Region;Nil;1-way;Sealed;;0;0;;50;;Null;0;0;;76;Auckland;Give way;;;;;0;0;Urban;0;;;Fine;Null";;;;;;;;;;
"1567197;5181094;459579;;589500;0;0;0;1;0;Null;2017;KOTARE ST;WEKA ST;;Non-Injury Crash;No;2016;0;East;0;0;0;Flat;0;;0;;0;Dark;2544700;0;0;0;2;0;0;0;0;0;;0;0;Canterbury Region;Nil;2-way;Sealed;0;0;0;0;50;0;On;0;0;;60;Christchurch City;Nil;0;1;0;0;0;0;Urban;0;0;0;Fine;Null";;;;;;;;;;
"1758389;5917627;459580;;516001;0;;0;2;;South;2012;BROADWAY;MAHURU ST;;Non-Injury Crash;No;2012;;North;;0;;Flat;;;;;;Overcast;490800;0;0;0;2;;;0;;;;;;Auckland Region;Nil;2-way;Sealed;;0;0;;50;;Off;0;0;;76;Auckland;Nil;;;;;0;0;Urban;0;;;Heavy rain;Null";;;;;;;;;;
"1720029;6045219;459581;;503100;0;;0;1;;East;2001;PORT ROAD;OKARA DRIVE;;Minor Crash;No;2001;;West;;0;;Flat;;;;;;Bright sun;101602;1;0;0;2;;;0;;;;;;Northland Region;Nil;2-way;Sealed;;0;0;;50;;Off;0;0;;2;Whangarei District;Nil;;;;;0;0;Urban;1;;;Fine;Null";;;;;;;;;;
"1760192;5915960;459582;;516003;0;0;0;0;0;Null;2005;GREEN LANE EAST;GREENLANE INT;;Non-Injury Crash;No;2005;0;South;0;0;0;Hill Road;1;;0;;0;Bright sun;494902;0;0;0;3;0;0;0;0;0;;0;0;Auckland Region;Nil;1-way;Sealed;0;0;0;0;50;0;Off;0;0;;76;Auckland;Give way;0;0;0;0;1;0;Urban;0;0;0;Fine;Null";;;;;;;;;;
"1571486;5178322;459583;;594500;0;;0;0;;East;2018;SH 76;WALTHAM ROAD;;Non-Injury Crash;Yes;2017;;West;;0;;Flat;;;;;;Bright sun;2624302;0;0;0;2;;;0;;;;;;Canterbury Region;Nil;1-way;Sealed;;0;0;;60;;Null;0;0;;60;Christchurch City;Traffic Signals;;;;;0;0;Urban;2;;;Fine;Null";;;;;;;;;;
"1481981;5252677;459584;;585315;0;;0;2;;East;2002;SH 73;WALLACES POINT BR;;Minor Crash;Yes;2002;;South;;0;;Hill Road;;;;;;Twilight;2422700;1;0;0;2;;;0;;;;;;West Coast Region;Nil;2-way;Sealed;;0;0;;100;;None;0;0;;57;Westland District;Unknown;;;;;0;0;Open;0;;;Light rain;Null";;;;;;;;;;
"1407859;4914482;459585;;604620;0;;0;2;;Null;2013;MUSSELBURGH RISE;SHORE ST;;Non-Injury Crash;No;2012;;East;;0;;Flat;;;;;;Dark;2938500;0;0;0;2;;;0;;;;;;Otago Region;Nil;2-way;Sealed;;0;0;;50;;On;0;0;;71;Dunedin City;Give way;;;;;0;0;Urban;0;;;Fine;Null";;;;;;;;;;
"1800743;5821260;459586;;527009;0;;0;1;;East;2011;CABERNET CLOSE;COLERAINE DRIVE;;Serious Crash;No;2011;;West;;0;;Flat;;;;;;Bright sun;952331;0;0;0;2;;;0;;;1;;;Waikato Region;Nil;2-way;Sealed;;0;1;;50;;Null;0;0;;16;Hamilton City;Give way;;;;;0;0;Urban;0;;;Fine;Null";;;;;;;;;;
"1926767;5607947;459587;;545710;0;;0;1;;West;2001;OMAHU ROAD;WILSON ROAD;;Non-Injury Crash;No;2001;;East;;0;;Flat;;;;;;Bright sun;1471000;0;0;0;2;;;0;;;;;;Hawke's Bay Region;Nil;2-way;Sealed;;0;0;;70;;Null;0;0;;30;Hastings District;Nil;;;;;0;0;Urban;1;;;Fine;Null";;;;;;;;;;
"1773383;5577495;459588;;556300;0;0;0;1;0;West;2006;CHURCHILL CRESCENT;SH 3;;Non-Injury Crash;No;2005;0;East;0;0;1;Flat;0;;0;;0;Overcast;1723300;0;0;0;2;0;0;0;0;0;;0;0;Manawatu-Wanganui Region;Nil;2-way;Sealed;0;0;0;0;50;0;Null;0;0;;37;Whanganui District;Nil;0;0;0;0;0;0;Urban;0;0;0;Light rain;Null";;;;;;;;;;
"1819536;5529265;459589;;562710;0;;0;1;;North;2010;HIGHBURY AVENUE;BRENTWOOD AVENUE;;Non-Injury Crash;No;2009;;North;;0;;Flat;;;;;;Bright sun;1818300;0;0;0;2;;;0;;;;;;Manawatu-Wanganui Region;Nil;2-way;Sealed;;0;0;;50;;Null;0;0;;40;Palmerston North City;Nil;;;;;0;0;Urban;1;;;Fine;Null";;;;;;;;;;
"1813599;5539213;459590;;561422;0;0;0;0;0;North;2006;AWAHURI FEILDING ROAD;SH 3;;Serious Crash;No;2005;0;South;0;0;0;Flat;0;;0;;0;Bright sun;1789200;0;0;0;2;0;0;0;0;0;;0;0;Manawatu-Wanganui Region;Nil;2-way;Sealed;0;0;1;0;100;0;Null;0;0;;39;Manawatu District;Nil;0;0;0;1;0;0;Open;1;0;0;Fine;Null";;;;;;;;;;
"1753811;5447312;459591;;570600;0;;0;0;;South;2018;VIEW ROAD;TIRETI ROAD;;Serious Crash;No;2018;;East;;0;;Hill Road;;;;;;Bright sun;2040701;0;0;0;2;;;0;;;1;;;Wellington Region;Nil;2-way;Sealed;;0;1;;10;;Null;0;0;;44;Porirua City;Nil;;;;;1;0;Urban;0;;;Fine;Null";;;;;;;;;;
"1823327;5554738;459592;;560422;0;0;0;0;0;West;2006;MCKAYS LINE;MAKINO ROAD;;Non-Injury Crash;No;2006;0;North;1;0;0;Hill Road;0;;0;;0;Dark;1760800;0;0;0;2;0;0;0;0;0;;0;0;Manawatu-Wanganui Region;Nil;2-way;Sealed;0;0;0;0;100;0;None;1;0;;39;Manawatu District;Nil;0;0;0;0;0;0;Open;0;0;0;Fine;Null";;;;;;;;;;
"1930536;5620210;459593;;545621;0;;0;1;;North;2005;FRYER ROAD;PUKETITIRI ROAD;;Non-Injury Crash;No;2004;;North;;0;;Hill Road;;;;;;Overcast;1401301;0;0;0;2;;;0;;;;;;Hawke's Bay Region;Nil;2-way;Sealed;;0;0;;50;;Null;0;0;;31;Napier City;Nil;;;;;0;0;Urban;1;;;Fine;Null";;;;;;;;;;
"2037235.8753;5708464.0898;459594;;544600;0;;0;1;;Null;2019;GREY STREET;HARDY LANE;;Minor Crash;No;2019;;North;;0;;Flat;;;;;;Dark;1370600;1;0;0;2;;;0;;;;;;Gisborne Region;Nil;2-way;Sealed;;0;0;;50;;On;0;0;;28;Gisborne District;Unknown;;;;;0;0;Urban;1;;;Heavy rain;Null";;;;;;;;;;
"1800763;5817820;459595;;529800;0;0;0;1;1;Null;2017;CLARKIN ROAD;HEAPHY TERRACE;;Non-Injury Crash;No;2016;0;North;0;0;0;Flat;0;;0;;0;Dark;869600;0;0;0;2;0;0;0;0;0;;0;0;Waikato Region;Nil;2-way;Sealed;0;0;0;0;50;0;On;0;0;;16;Hamilton City;Give way;0;0;0;0;0;0;Urban;0;0;0;Fine;Null";;;;;;;;;;
"1678251;5404312;459596;;581210;0;;0;2;;Null;2017;SH 6;COLEMANS ROAD;;Non-Injury Crash;Yes;2017;;East;;0;;Flat;;;;;;Bright sun;2293101;0;0;0;2;;;0;;;;;;Marlborough Region;Nil;1-way;Sealed;;0;0;;50;;Null;0;0;;53;Marlborough District;Give way;;;;;0;0;Urban;0;;;Fine;Null";;;;;;;;;;
"1903654;5566669;459597;;549500;0;;0;2;;Null;2014;SH 2;HERBERT ST;;Non-Injury Crash;Yes;2013;;West;;0;;Flat;;;;;;Bright sun;1521100;0;0;0;2;;;0;;;;;;Hawke's Bay Region;Nil;2-way;Sealed;;0;0;;50;;Null;0;0;;32;Central Hawke's Bay District;Give way;;;;;0;0;Urban;0;;;Fine;Null";;;;;;;;;;
"1754623;5933165;459598;;508805;0;;0;2;;Null;2009;ROSEDALE ROAD;GRAHAM COLLINS DRIVE;;Non-Injury Crash;No;2009;;West;;0;;Hill Road;;;;;;Bright sun;180867;0;0;0;2;;;0;;;;;;Auckland Region;Nil;2-way;Sealed;;0;0;;50;;Null;0;0;;76;Auckland;Nil;;;;;0;0;Urban;0;;;Fine;Null";;;;;;;;;;
"1749013;5913427;459599;;511401;0;;0;2;;East;2016;TITIRANGI ROAD;SKILGATE AVENUE;;Non-Injury Crash;No;2015;;West;;0;;Flat;;Christmas New Year;;;;Dark;263700;0;0;0;2;;;0;;;;;;Auckland Region;Nil;2-way;Sealed;;0;0;;50;;On;0;0;;76;Auckland;Unknown;;;;;0;0;Urban;0;;;Fine;Null";;;;;;;;;;
"1488847;5129675;459600;;597730;0;;0;2;;Null;2003;SH 1S;WINDERMERE ROAD;;Non-Injury Crash;Yes;2002;;South;;0;;Flat;;;;;;Bright sun;2744000;0;0;0;2;;;0;;;;;;Canterbury Region;Nil;2-way;Sealed;;0;0;;100;;Null;0;0;;63;Ashburton District;Give way;;;;;0;0;Open;0;;;Fine;Null";;;;;;;;;;
"1765008;5904790;459601;;522100;0;0;0;1;0;Null;2019;KENDERDINE ROAD;BRIDGE ST;;Minor Crash;No;2018;0;South;0;0;0;Flat;0;;0;;0;Dark;660100;2;0;0;2;0;0;0;0;0;;0;0;Auckland Region;Nil;2-way;Sealed;0;0;0;0;50;0;On;0;0;;76;Auckland;Stop;0;0;0;1;0;0;Urban;0;0;0;Fine;Null";;;;;;;;;;
"1750226;5424163;459602;;576901;0;0;0;1;0;East;2018;COUTTS ST;BAY ROAD;;Non-Injury Crash;No;2018;0;South;0;0;0;Flat;0;;0;;0;Unknown;2178500;0;0;0;2;0;0;0;0;1;;0;0;Wellington Region;Nil;2-way;Sealed;0;0;0;0;30;0;Null;1;0;;47;Wellington City;Nil;0;0;0;0;0;0;Urban;0;0;0;Fine;Null";;;;;;;;;;
"1754815;5447020;459603;;570500;0;;0;0;;North;2003;MAIN ROAD;KAHUTEA TERRACE;;Non-Injury Crash;No;2002;;North;;0;;Flat;;;;;;Overcast;2045300;0;0;1;4;;;0;;;;;;Wellington Region;Nil;2-way;Sealed;;0;0;;70;;Null;0;0;;44;Porirua City;Nil;;;;;0;0;Urban;1;;;Fine;Null";;;;;;;;;;
"1244471;4848588;459604;;611400;0;0;0;1;0;Null;2008;CENTRE ST;MORTON ST;;Non-Injury Crash;No;2007;0;North;0;0;0;Flat;0;;0;;0;Dark;3144800;0;0;0;2;0;0;0;0;0;;1;0;Southland Region;Nil;2-way;Sealed;0;0;0;0;50;0;On;0;0;;75;Invercargill City;Stop;0;1;0;0;0;0;Urban;0;0;0;Light rain;Null";;;;;;;;;;
"1755320;5929552;459605;;508420;0;0;0;1;0;South;2014;SH 1N;SUNNYNOOK OBR;;Non-Injury Crash;Yes;2013;0;North;0;0;0;Hill Road;1;;0;;0;Bright sun;183800;0;0;0;3;0;0;0;0;0;;0;0;Auckland Region;Nil;1-way;Sealed;0;0;0;0;100;0;Off;0;0;;76;Auckland;Nil;0;0;0;0;0;0;Open;0;0;0;Fine;Null";;;;;;;;;;
"1757445;5918738;459606;;514302;0;;0;2;;North;2015;SH 1N;KHYBER PASS OBR;;Minor Crash;Yes;2015;;North;;0;;Flat;;;;;;Bright sun;442500;2;0;0;5;;;0;;;;;;Auckland Region;Nil;2-way;Sealed;;0;0;;80;;Null;0;0;;76;Auckland;Nil;;;;;0;0;Open;0;;;Fine;Null";;;;;;;;;;
"1766904;5907645;459607;;523602;0;;0;2;;Null;2014;EAST TAMAKI ROAD;BAIRDS ROAD;;Non-Injury Crash;No;2014;;West;;0;;Flat;;Easter;;;;Overcast;709300;0;0;0;4;;;0;;;;;;Auckland Region;Nil;2-way;Sealed;;0;0;;50;;Null;0;0;;76;Auckland;Traffic Signals;;;;;0;0;Urban;0;;;Fine;Null";;;;;;;;;;
"1876576;5823804;459608;;537301;0;;0;1;;Null;2008;BELLEVUE ROAD;KINGSWOOD ROAD;;Non-Injury Crash;No;2008;;South;;0;;Hill Road;;;;;;Dark;1160109;0;0;0;2;;;0;;;;;;Bay of Plenty Region;Nil;2-way;Sealed;;0;0;;50;;On;0;0;;23;Tauranga City;Stop;;;;;0;0;Urban;1;;;Fine;Null";;;;;;;;;;
"1405015;4915834;459609;;604110;0;0;0;1;0;South;2006;EGLINTON ROAD;MCGEORGE AVENUE;;Non-Injury Crash;No;2006;0;South;0;0;0;Hill Road;0;;0;;0;Dark;2921700;0;0;0;2;0;0;0;1;0;;0;0;Otago Region;Nil;2-way;Sealed;0;0;0;0;50;0;On;0;0;;71;Dunedin City;Unknown;0;0;0;0;0;0;Urban;0;0;0;Fine;Frost";;;;;;;;;;
"1759942;5436179;459610;;569100;0;;0;2;;Null;2003;Z CPK WESTFIELD COMPLEX;BLOOMFIELD TERRACE;;Non-Injury Crash;No;2003;;West;;0;;Flat;;;;;;Bright sun;1968100;0;0;0;0;;;0;;;;;;Wellington Region;Nil;Off road;Sealed;;0;0;;50;;Null;0;0;;46;Lower Hutt City;Nil;;;;;0;0;Urban;0;;;Fine;Null";;;;;;;;;;
"1791683;5499643;459611;;564220;0;;0;1;;South;2013;BRUCE ROAD;HOKIO BEACH ROAD;;Serious Crash;No;2013;;North;;0;;Flat;;;;;;Twilight;1874000;0;0;0;2;;;0;;;1;;;Manawatu-Wanganui Region;Nil;2-way;Sealed;;0;1;;50;;On;0;0;;42;Horowhenua District;Nil;;;;;0;0;Urban;0;;;Fine;Null";;;;;;;;;;
"1772561;5896382;459612;;525420;0;;0;2;;Null;2008;EAST ST;ELLIOT ST;;Non-Injury Crash;No;2008;;South;;0;;Flat;;;;;;Dark;791600;0;0;0;2;;;0;;;;;;Auckland Region;Nil;2-way;Sealed;;0;0;;50;;On;0;0;;76;Auckland;Traffic Signals;;;;;0;0;Urban;0;;;Fine;Null";;;;;;;;;;
"1692539;5675790;459613;;552002;0;;0;1;;Null;2016;DAWSON ST;FULFORD ST;;Serious Crash;No;2015;;South;;0;;Hill Road;;;;;;Dark;1590300;0;1;0;2;;;0;;;;;;Taranaki Region;Nil;2-way;Sealed;;0;1;;50;;On;0;0;;33;New Plymouth District;Give way;;;;;0;0;Urban;0;;;Fine;Null";;;;;;;;;;
"1881869;5779392;459614;;538602;0;;0;2;;Null;2006;SH 5;SH 36;;Non-Injury Crash;Yes;2005;;North;;0;;Flat;;;;;;Twilight;1247200;0;0;0;2;;;0;;;;;;Bay of Plenty Region;Nil;2-way;Sealed;;0;0;;100;;Off;0;0;;24;Rotorua District;Give way;;;;;0;0;Open;0;;;Fine;Null";;;;;;;;;;
"1768156;5907851;459615;;523502;0;;0;1;;Null;2019;EAST TAMAKI ROAD;PRESTON ROAD;;Non-Injury Crash;No;2018;;East;;0;;Flat;;;;;;Twilight;703800;0;0;0;6;;;0;;;;;;Auckland Region;Nil;2-way;Sealed;;0;0;;60;;Off;0;0;;76;Auckland;Traffic Signals;;;;;1;0;Urban;0;;;Light rain;Null";;;;;;;;;;
"1755210;5917498;459616;;517500;0;;0;0;;Null;2002;SANDRINGHAM ROAD;REIMERS AVENUE;;Minor Crash;No;2001;;South;;0;;Flat;;;;;;Overcast;532503;1;0;0;2;;;0;;;1;;;Auckland Region;Nil;2-way;Sealed;;0;0;;50;;Off;0;0;;76;Auckland;Give way;;;;;0;0;Urban;1;;;Light rain;Null";;;;;;;;;;
"1594860;5241656;459617;;585700;0;0;0;1;1;South;2012;SH 1S;SCARGILL VALLEY ROAD;;Fatal Crash;Yes;2011;0;South;0;1;0;Hill Road;0;;0;;0;Dark;2438000;0;0;0;2;0;0;0;0;0;;0;0;Canterbury Region;Nil;2-way;Sealed;0;0;0;0;100;0;None;0;0;;58;Hurunui District;Unknown;0;0;0;0;0;0;Open;0;0;0;Fine;Null";;;;;;;;;;
"1763741;5913566;459618;;520402;0;;0;1;;South;2015;MOUNT WELLINGTON HIGHWAY;PENROSE ROAD;;Non-Injury Crash;No;2015;;North;;0;;Flat;;;;;;Bright sun;640300;0;0;0;4;;;0;;;;;;Auckland Region;Nil;2-way;Sealed;;0;0;;50;;Off;0;0;;76;Auckland;Nil;;;;;0;0;Urban;1;;;Fine;Null";;;;;;;;;;
"1936978;5621570;459619;;546802;0;;0;1;;Null;2008;HASTINGS ST;TENNYSON ST;;Non-Injury Crash;No;2008;;East;;0;;Flat;;;;;;Dark;1423500;0;0;0;2;;;0;;;;;;Hawke's Bay Region;Nil;2-way;Sealed;;0;0;;50;;On;1;0;;31;Napier City;Traffic Signals;;;;;0;0;Urban;0;;;Light rain;Null";;;;;;;;;;
"1758055;5920704;459620;;514103;0;;0;1;;West;2003;BEACH ROAD;TANGIHUA ST;;Non-Injury Crash;No;2003;;East;;0;;Flat;;;;;;Dark;438301;0;0;1;5;;;0;;;;;;Auckland Region;Nil;2-way;Sealed;;0;0;;50;;On;0;0;;76;Auckland;Nil;;;;;0;0;Urban;0;;;Light rain;Null";;;;;;;;;;
"1564381;5185863;459621;;588500;0;0;0;1;0;East;2016;HAREWOOD ROAD;WAIMAKARIRI ROAD;;Minor Crash;No;2016;0;East;0;0;0;Flat;0;;0;;0;Dark;2527100;1;0;0;2;0;0;0;0;0;;0;0;Canterbury Region;Nil;2-way;Sealed;0;0;0;0;50;0;On;0;0;;60;Christchurch City;Unknown;1;0;0;0;0;0;Urban;0;0;0;Fine;Null";;;;;;;;;;
"1571373;5179557;459622;;591500;0;;0;2;;Null;2004;BARBADOES ST;ST ASAPH ST;;Non-Injury Crash;No;2003;;South;;0;;Flat;;;;;;Bright sun;2650600;0;0;0;2;;;0;;;;;;Canterbury Region;Nil;1-way;Sealed;;0;0;;50;;Null;0;0;;60;Christchurch City;Traffic Signals;;;;;0;0;Urban;0;;;Fine;Null";;;;;;;;;;
"1744937;5428760;459623;;574900;0;0;0;2;0;North;2016;MONTGOMERY AVENUE;ALANBROOKE PLACE;;Non-Injury Crash;No;2016;0;South;0;0;0;Hill Road;0;;0;;0;Bright sun;2108303;0;0;0;2;0;0;0;0;1;;0;0;Wellington Region;Nil;2-way;Sealed;0;0;0;0;50;0;Null;0;0;;47;Wellington City;Unknown;0;0;0;0;0;0;Urban;0;0;0;Fine;Null";;;;;;;;;;
"1742813;5922043;459624;;513631;0;0;0;1;0;Null;2015;DON BUCK ROAD;RED HILLS ROAD;;Non-Injury Crash;No;2014;0;South;0;0;0;Flat;0;;0;;0;Dark;227009;0;0;0;2;0;0;0;0;0;;0;0;Auckland Region;Nil;2-way;Sealed;0;0;0;0;50;0;On;0;0;;76;Auckland;Give way;1;0;0;0;0;0;Urban;0;0;0;Heavy rain;Null";;;;;;;;;;
"1404560;4917137;459625;;604020;0;0;0;2;0;South;2007;HIGHGATE;ROSS ST;;Non-Injury Crash;No;2007;0;North;0;0;0;Flat;0;;0;;0;Overcast;2908800;0;0;0;2;0;0;0;0;1;;0;0;Otago Region;Nil;2-way;Sealed;0;0;0;0;50;0;Null;0;0;;71;Dunedin City;Unknown;0;0;0;0;0;0;Urban;0;0;0;Snow;Null";;;;;;;;;;
"1617496;6103394;459626;;500204;0;0;1;2;0;South;2002;KAITAIA-AWAROA ROAD;ROMA ROAD;;Serious Crash;No;2002;0;North;1;0;0;Hill Road;0;;0;;0;Overcast;11300;3;0;0;2;0;0;0;0;0;;0;0;Northland Region;Nil;2-way;Sealed;0;0;1;0;100;0;None;0;0;;1;Far North District;Nil;0;0;0;0;0;0;Open;0;0;0;Mist or Fog;Null";;;;;;;;;;
"1746138;5910182;459627;;512700;1;;0;0;;South;2017;TAINUI ROAD;VALLEY VIEW ROAD;;Serious Crash;No;2017;;South;;0;;Hill Road;;;;;;Bright sun;300501;0;0;0;1;;;0;;;;;;Auckland Region;Nil;2-way;Sealed;;0;1;;50;;Null;0;0;;76;Auckland;Unknown;;;;;0;0;Urban;1;;;Fine;Null";;;;;;;;;;
"1800396;5820109;459628;;529401;0;0;0;1;0;Null;2009;HUKANUI ROAD;WAIRERE DRIVE;;Minor Crash;No;2008;0;North;0;0;0;Hill Road;1;;0;;0;Bright sun;877201;2;0;0;4;0;0;0;0;0;;0;0;Waikato Region;Nil;2-way;Sealed;0;0;0;0;50;0;Null;0;0;30;16;Hamilton City;Give way;0;1;0;0;0;0;Urban;0;0;0;Fine;Null";;;;;;;;;;
"1749489;5945809;459629;;505806;0;;0;2;;Null;2005;HIBISCUS COAST HIGHWAY;EAST COAST ROAD;;Non-Injury Crash;No;2004;;North;;0;;Hill Road;;;;;;Bright sun;176602;0;0;0;2;;;0;;;;;;Auckland Region;Nil;2-way;Sealed;;0;0;;100;;Off;0;0;;76;Auckland;Traffic Signals;;;;;0;0;Open;1;;;Fine;Null";;;;;;;;;;
"1759623;5428552;459630;;570300;0;;0;1;;South;2010;MARINE DRIVE;FERRY ROAD;;Minor Crash;No;2010;;West;;0;;Flat;;;;;;Overcast;1982600;1;0;0;1;;;0;;;1;;;Wellington Region;Nil;2-way;Sealed;;0;0;;30;;Null;0;0;;46;Lower Hutt City;Nil;;;;;0;0;Urban;0;;;Fine;Null";;;;;;;;;;
"1757180;5919858;459631;;514103;0;0;0;1;0;Null;2003;QUEEN ST;MAYORAL DRIVE;;Minor Crash;No;2003;0;North;0;0;0;Hill Road;0;;0;;0;Dark;436100;2;0;0;5;0;0;0;0;0;;0;1;Auckland Region;Nil;2-way;Sealed;0;0;0;0;50;0;On;0;0;;76;Auckland;Traffic Signals;1;0;0;0;0;0;Urban;0;0;0;Fine;Null";;;;;;;;;;
"1931487;5620074;459632;;545621;0;;0;2;;South;2012;CLYDE JEFFERY DRIVE;CATO ROAD;;Non-Injury Crash;No;2011;;South;;0;;Hill Road;;;;;;Twilight;1401803;0;0;0;2;;;0;;;;;;Hawke's Bay Region;Nil;2-way;Sealed;;0;0;;30;;None;0;0;;31;Napier City;Nil;;;;;0;0;Urban;0;;;Fine;Null";;;;;;;;;;
"1763765;5905118;459633;;524303;0;0;0;1;0;Null;2014;FERNDOWN AVENUE;DAPHNE ROAD;;Non-Injury Crash;No;2014;0;East;0;0;0;Flat;0;;0;;0;Overcast;746308;0;0;0;2;0;0;0;0;1;;0;0;Auckland Region;Nil;2-way;Sealed;0;0;0;0;50;0;Null;1;0;;76;Auckland;Nil;0;0;0;0;0;0;Urban;0;0;0;Fine;Null";;;;;;;;;;
"1759022;5911945;459634;;519820;0;0;0;1;0;West;2011;PRINCES ST;ONEHUNGA MALL;;Non-Injury Crash;No;2011;0;East;0;0;0;Flat;0;;0;;0;Bright sun;601800;0;0;0;2;0;0;0;0;0;;0;0;Auckland Region;Nil;2-way;Sealed;0;0;0;0;50;0;Off;0;0;;76;Auckland;Stop;1;0;0;0;0;0;Urban;0;0;0;Fine;Null";;;;;;;;;;
"1575945;5179174;459635;;593900;0;;0;1;;South;2001;SH 74 DYERS;WICKHAM ST;;Minor Crash;Yes;2000;;South;;0;;Flat;;;;;;Dark;2580000;1;0;0;2;;;0;;;;;;Canterbury Region;Nil;2-way;Sealed;;0;0;;70;;On;0;0;;60;Christchurch City;Unknown;;;;;1;0;Urban;0;;;Fine;Null";;;;;;;;;;
"1755672;5922508;459636;;509800;0;;0;0;;North;2013;SH 1N;CURRAN ON NBD;;Non-Injury Crash;Yes;2012;;North;;0;;Hill Road;;;;;;Overcast;359300;0;0;0;5;;;0;;;;;;Auckland Region;Bridge;2-way;Sealed;;0;0;;80;;Off;1;0;;76;Auckland;Nil;;;;;0;0;Open;1;;;Fine;Null";;;;;;;;;;
"1800773;5817822;459637;;529800;0;;0;3;;East;2003;CLARKIN ROAD;HEAPHY TERRACE;;Minor Crash;No;2002;;West;;0;;Flat;;;;;;Overcast;870400;2;0;0;2;;;0;;;;;;Waikato Region;Nil;2-way;Sealed;;0;0;;50;;Off;0;0;;16;Hamilton City;Nil;;;;;0;0;Urban;0;;;Fine;Null";;;;;;;;;;
"1404365;4915694;459638;;604110;0;0;0;2;0;East;2009;ARGYLE ST;WHITBY ST;;Non-Injury Crash;No;2009;0;East;0;0;1;Hill Road;0;;0;;0;Dark;2921300;0;0;0;2;0;0;0;0;1;;0;0;Otago Region;Nil;2-way;Sealed;0;0;0;0;50;0;None;0;0;;71;Dunedin City;Unknown;0;0;0;0;0;0;Urban;0;0;0;Fine;Null";;;;;;;;;;
"1771654;5576334;459639;;556000;0;0;0;1;0;Null;2016;HINAU ST;ROGERS ST;;Non-Injury Crash;No;2015;0;East;0;0;0;Flat;0;;0;;0;Dark;1716500;0;0;0;2;0;1;0;0;0;;0;0;Manawatu-Wanganui Region;Nil;2-way;Sealed;0;0;0;0;50;0;On;0;0;;37;Whanganui District;Unknown;0;0;0;0;0;0;Urban;0;0;0;Fine;Null";;;;;;;;;;
"1804517;5770483;459640;;531304;0;0;0;1;0;East;2006;MAIHIIHI ROAD;WHIBLEY ROAD;;Non-Injury Crash;No;2005;0;West;0;0;1;Flat;0;;0;;0;Dark;1001900;0;0;0;2;0;0;0;0;0;;0;0;Waikato Region;Nil;2-way;Sealed;0;0;0;0;100;0;None;0;0;;18;Otorohanga District;Give way;0;0;0;0;0;0;Open;0;0;0;Fine;Null";;;;;;;;;;
"1935123;5618982;459641;;546700;0;;0;2;;Null;2002;RIVERBEND ROAD;TED HARPUR PLACE;;Non-Injury Crash;No;2001;;South;;0;;Flat;;;;;;Overcast;1445300;0;0;0;2;;;0;;;;;;Hawke's Bay Region;Nil;2-way;Sealed;;0;0;;50;;Null;0;0;;31;Napier City;Nil;;;;;0;0;Urban;0;;;Fine;Null";;;;;;;;;;
"1721758.2398;6045981.592;459642;;503700;0;0;0;0;0;North;2020;OLD PARUA BAY ROAD;KOHE STREET;;Non-Injury Crash;No;2019;0;West;0;0;0;Flat;0;;0;;0;Overcast;72702;0;0;0;2;0;0;0;1;0;;0;0;Northland Region;Nil;2-way;Sealed;0;0;0;0;100;0;None;0;0;30;2;Whangarei District;Nil;0;0;0;0;1;0;Open;0;0;0;Fine;Null";;;;;;;;;;
"1775529;5886143;459643;;521132;0;0;0;1;0;South;2009;SH 1N;ARARIMU OBR;;Non-Injury Crash;Yes;2008;0;South;0;0;0;Flat;1;;0;;0;Dark;814200;0;0;0;2;0;0;0;0;0;;0;0;Auckland Region;Nil;1-way;Sealed;0;0;0;0;100;0;None;0;0;;76;Auckland;Nil;0;0;0;0;1;0;Open;0;0;0;Fine;Null";;;;;;;;;;
"1747587;5428293;459644;;575300;0;;0;1;;North;2011;GLENMORE ST;ORANGI KAUPAPA ROAD;;Minor Crash;No;2011;;North;;0;;Flat;;;;;;Bright sun;2153501;1;0;0;2;;;0;;;1;;;Wellington Region;Nil;2-way;Sealed;;0;0;;50;;Null;0;0;;47;Wellington City;Give way;;;;;0;0;Urban;0;;;Fine;Null";;;;;;;;;;
"1930123;5605679;459645;;548200;0;;0;2;;North;2011;NELSON ST NORTH;FITZROY AVENUE;;Non-Injury Crash;No;2011;;North;;0;;Flat;;;;;;Bright sun;1490600;0;0;0;2;;;0;;;;;;Hawke's Bay Region;Nil;2-way;Sealed;;0;0;;50;;Null;0;0;;30;Hastings District;Nil;;;;;0;0;Urban;0;;;Fine;Null";;;;;;;;;;
"1679107;5402447;459646;;581250;0;0;0;2;0;South;2017;EDINBURGH CRESCENT;LITCHFIELD ST;;Non-Injury Crash;No;2016;0;South;0;0;0;Flat;0;;0;;0;Dark;2302200;0;0;0;2;0;0;0;0;1;;0;0;Marlborough Region;Nil;2-way;Sealed;0;0;0;0;50;0;On;1;0;;53;Marlborough District;Nil;0;0;0;0;0;0;Urban;0;0;0;Light rain;Null";;;;;;;;;;
"1406390;4916533;459647;;602900;0;;0;2;;Null;2010;SH 1S QUEENS GARDENS;QUEENS GARDENS;;Non-Injury Crash;Yes;2010;;South;;0;;Flat;;Easter;;;;Bright sun;2895300;0;0;0;2;;;0;;;;;;Otago Region;Nil;1-way;Sealed;;0;0;;50;;Null;0;0;;71;Dunedin City;Traffic Signals;;;;;0;0;Urban;0;;;Fine;Null";;;;;;;;;;
"1821395;5529713;459648;;562800;0;;0;2;;Null;2018;WALDING ST;TAONUI ST;;Minor Crash;No;2017;;West;;0;;Flat;;;;;;Overcast;1831000;2;0;0;2;;;0;;;;;;Manawatu-Wanganui Region;Nil;1-way;Sealed;;0;0;;50;;Null;0;0;;40;Palmerston North City;Stop;;;;;0;0;Urban;0;;;Light rain;Null";;;;;;;;;;
"1739115.4975;5919319.007;459649;;513702;0;;1;0;;West;2019;WAITAKERE RD (SWANSON);KAY ROAD;;Fatal Crash;No;2019;;East;;1;;Hill Road;;;;;;Overcast;230100;1;0;0;2;;;0;;;;;;Auckland Region;Nil;2-way;Sealed;;0;0;;80;;Off;0;0;;76;Auckland;Unknown;;;;;1;0;Open;0;;;Light rain;Null";;;;;;;;;;
"1929799;5604635;459650;;548200;0;0;0;1;0;West;2007;Z CPK LIBRARY;WARREN/SOUTHAMPTON;;Non-Injury Crash;No;2006;0;East;0;0;0;Flat;0;;0;;0;Bright sun;1492500;0;0;0;1;0;0;0;0;0;;0;1;Hawke's Bay Region;Nil;Off road;Sealed;0;0;0;0;50;0;Null;0;0;;30;Hastings District;Nil;0;0;0;0;0;0;Urban;0;0;0;Fine;Null";;;;;;;;;;
"1583074;5406517;459651;;581841;0;0;0;1;0;Null;2001;SH 6;PORTHOUSE CULV;;Non-Injury Crash;Yes;2000;0;North;0;0;1;Flat;0;;0;;0;Dark;2374800;0;0;0;2;0;0;0;0;0;;0;0;Tasman Region;Nil;2-way;Sealed;0;0;0;0;100;0;None;0;0;;51;Tasman District;Nil;0;0;0;0;0;0;Open;0;0;0;Heavy rain;Null";;;;;;;;;;
"1766628;5907643;459652;;523501;0;;0;2;;Null;2008;EAST TAMAKI ROAD;NEWBURY ST;;Minor Crash;No;2007;;East;;0;;Flat;;;;;;Bright sun;700700;1;0;0;6;;;0;;;;;;Auckland Region;Nil;2-way;Sealed;;0;0;;60;;Off;0;0;;76;Auckland;Traffic Signals;;;;;0;0;Urban;0;;;Fine;Null";;;;;;;;;;
"1774592;5447095;459653;;566900;0;0;0;0;0;Null;2004;TOTARA PARK ROAD;CALIFORNIA DRIVE;;Non-Injury Crash;No;2003;0;North;0;0;1;Flat;0;;0;;0;Overcast;1911102;0;0;0;2;0;0;0;0;0;;1;0;Wellington Region;Nil;2-way;Sealed;0;0;0;0;50;0;Null;0;0;;45;Upper Hutt City;Give way;0;0;0;0;0;0;Urban;1;0;0;Light rain;Null";;;;;;;;;;
"1763910;5908895;459654;;521901;0;0;0;1;0;East;2016;MANGERE ROAD;AWA ST;;Non-Injury Crash;No;2016;0;West;0;0;0;Flat;0;;0;;0;Bright sun;785100;0;0;0;2;0;0;0;0;0;;0;0;Auckland Region;Nil;2-way;Sealed;0;0;0;0;50;0;Null;0;0;;76;Auckland;Unknown;1;0;0;0;0;0;Urban;0;0;0;Fine;Null";;;;;;;;;;
"1572287;5180778;459655;;593501;0;;0;2;;Null;2017;AVONSIDE DRIVE;STANMORE ROAD;;Non-Injury Crash;No;2016;;East;;0;;Flat;;;;;;Dark;2611000;0;0;0;4;;;0;;;;;;Canterbury Region;Nil;2-way;Sealed;;0;0;;50;;On;0;0;;60;Christchurch City;Traffic Signals;;;;;0;0;Urban;0;;;Mist or Fog;Null";;;;;;;;;;
"1440387;5004276;459656;;601030;0;;0;2;;South;2008;SH 1S;EDEN ST;;Non-Injury Crash;Yes;2008;;South;;0;;Flat;;;;;;Bright sun;2841300;0;0;0;4;;;0;;;;;;Otago Region;Nil;2-way;Sealed;;0;0;;50;;Null;0;0;;68;Waitaki District;Unknown;;;;;0;0;Urban;0;;;Fine;Null";;;;;;;;;;
"1820733;5463446;459657;;578302;0;0;0;1;0;Null;2005;WEST BUSH ROAD;CHAMBERLAIN ROAD;;Non-Injury Crash;No;2005;0;South;0;0;1;Flat;0;;0;;0;Dark;2252700;0;0;0;2;0;0;0;0;0;;0;0;Wellington Region;Nil;2-way;Sealed;0;0;0;0;100;0;None;0;0;;48;Masterton District;Give way;0;0;0;0;0;0;Open;0;0;0;Fine;Null";;;;;;;;;;
"1242265;4852630;459658;;610602;0;;0;0;;South;2004;SH 6;BENMORE ST;;Non-Injury Crash;Yes;2004;;South;;0;;Flat;;;;;;Overcast;3103800;0;0;0;4;;;0;;;;;;Southland Region;Nil;2-way;Sealed;;0;0;;50;;Null;0;0;;75;Invercargill City;Nil;;;;;1;0;Urban;1;;;Fine;Null";;;;;;;;;;
"1753932;5915487;459659;;517702;0;;0;1;;Null;2010;MOUNT ALBERT ROAD;EUSTON ROAD;;Minor Crash;No;2010;;East;;0;;Flat;;;;;;Overcast;542400;1;1;0;2;;;0;;;;;;Auckland Region;Nil;2-way;Sealed;;0;0;;50;;Off;0;0;;76;Auckland;Stop;;;;;0;0;Urban;0;;;Light rain;Null";;;;;;;;;;
"1578510;5180685;459660;;595900;1;;0;1;;North;2007;ESTUARY ROAD;BEATTY ST;;Serious Crash;No;2007;;South;;0;;Flat;;;;;;Twilight;2557000;0;0;0;2;;;0;;;;;;Canterbury Region;Nil;2-way;Sealed;;0;1;;50;;On;0;0;;60;Christchurch City;Nil;;;;;0;0;Urban;0;;;Fine;Null";;;;;;;;;;
"1352787;4880443;459661;;606700;0;;0;0;;Null;2013;SH 1S;PATERSON ROAD;;Non-Injury Crash;Yes;2013;;South;;0;;Hill Road;;;;;;Overcast;2985904;0;0;0;2;;;0;;;;;;Otago Region;Nil;2-way;Sealed;;0;0;;100;;Null;2;0;;72;Clutha District;Stop;;;;;0;0;Open;0;;;Mist or Fog;Null";;;;;;;;;;
"1757679;5919093;459662;;514302;1;;0;1;;Null;2008;PARK ROAD;PARK AVENUE;;Non-Injury Crash;No;2008;;West;;0;;Flat;;;;;;Overcast;443000;0;0;0;2;;;0;;;;;;Auckland Region;Nil;2-way;Sealed;;0;0;;50;;Off;0;0;;76;Auckland;Nil;;;;;0;0;Urban;0;;;Fine;Null";;;;;;;;;;
"1775093;5894829;459663;;525510;0;;0;1;;West;2006;HUNUA ROAD;DOMINION ROAD;;Non-Injury Crash;No;2005;;East;;0;;Flat;;;;;;Bright sun;801500;0;0;0;2;;;0;;;;;;Auckland Region;Nil;2-way;Sealed;;0;0;;70;;Off;1;0;;76;Auckland;Nil;;;;;0;0;Urban;0;;;Fine;Null";;;;;;;;;;
"1561933;5176691;459664;;587842;0;0;0;1;0;Null;2016;SH 76;SPRINGS ROAD;;Non-Injury Crash;Yes;2016;0;North;1;0;0;Flat;0;;0;;0;Dark;2499400;0;0;0;2;0;0;0;0;0;;0;0;Canterbury Region;Nil;2-way;Sealed;0;0;0;0;70;0;On;0;0;;60;Christchurch City;Give way;1;0;0;0;0;0;Urban;0;0;0;Fine;Null";;;;;;;;;;
"1771997.0069;5915248.0985;459665;;521602;0;;0;2;;Null;2020;PICTON STREET;WELLINGTON STREET;;Non-Injury Crash;No;2019;;East;;0;;Null;;;;;;Unknown;649900;0;0;0;2;;;0;;;;;;Auckland Region;Nil;2-way;Sealed;;0;0;;50;;Off;0;0;;76;Auckland;Give way;;;;;0;0;Urban;0;;;Fine;Null";;;;;;;;;;
"1804466;5792388;459666;;527935;0;0;0;0;1;North;2001;SH 3;GREENHILL DRIVE;;Serious Crash;Yes;2001;0;South;1;0;1;Hill Road;0;;0;;0;Overcast;986500;0;0;0;2;0;0;0;0;0;;0;0;Waikato Region;Nil;2-way;Sealed;0;0;1;0;70;0;Off;0;0;;17;Waipa District;Nil;0;0;0;0;0;0;Urban;1;0;0;Fine;Null";;;;;;;;;;
"1790579.9524;5832840.5712;459667;65;526601;0;0;0;1;0;East;2020;HAKARIMATA RD;WADHAM ROAD;;Minor Crash;No;2019;0;West;0;0;0;Flat;0;;0;;0;Bright sun;853900;2;0;0;2;0;0;0;0;0;;0;0;Waikato Region;Nil;2-way;Sealed;0;0;0;0;100;0;None;0;0;;13;Waikato District;Unknown;0;0;0;1;0;0;Open;0;0;0;Fine;Null";;;;;;;;;;
"1709479;5621954;459668;;553900;0;;0;1;;South;2018;SH 3;VON TEMPSKY ST;;Minor Crash;Yes;2017;;South;;0;;Flat;;;;;;Dark;1653500;1;0;0;2;;;0;;;1;;;Taranaki Region;Nil;2-way;Sealed;;0;0;;70;;On;0;0;;35;South Taranaki District;Unknown;;;;;0;0;Urban;0;;;Fine;Null";;;;;;;;;;
"1754145;5445234;459669;;570700;0;;0;2;;Null;2010;SEMPLE ST;TITAHI BAY ROAD;;Non-Injury Crash;No;2010;;West;;0;;Flat;;;;;;Dark;2037500;0;0;0;1;;;0;;;;;;Wellington Region;Nil;2-way;Sealed;;0;0;;50;;On;0;0;;44;Porirua City;Give way;;;;;0;0;Urban;0;;;Fine;Null";;;;;;;;;;
"1763326;5908355;459670;;524402;0;;0;2;;West;2003;MASSEY ROAD;HOSPITAL ROAD;;Minor Crash;No;2002;;West;;0;;Flat;;;;;;Overcast;749900;1;0;0;4;;;0;;;;;;Auckland Region;Bridge;2-way;Sealed;;0;0;;50;;Off;0;0;;76;Auckland;Nil;;;;;0;0;Urban;0;;;Fine;Null";;;;;;;;;;
"1758126;5917858;459671;;515700;0;;0;2;;West;2018;GILLIES OFF SBD;GILLIES AVENUE;;Non-Injury Crash;Yes;2017;;South;;0;;Flat;;;;;;Bright sun;443200;0;0;0;2;;;0;;;;;;Auckland Region;Motorway ramp;1-way;Sealed;;0;0;;50;;Null;0;0;;76;Auckland;Traffic Signals;;;;;0;0;Urban;0;;;Fine;Null";;;;;;;;;;
"1771200;5471096;459672;;566302;1;;0;1;;Null;2007;SH 1N;OTAIHANGA ROAD;;Minor Crash;Yes;2006;;North;;0;;Flat;;;;;;Overcast;1998405;1;0;0;3;;;0;;;;;;Wellington Region;Nil;2-way;Sealed;;0;0;;80;;Null;0;0;;43;Kapiti Coast District;Stop;;;;;0;0;Open;0;;;Fine;Null";;;;;;;;;;
"1756078;5919095;459673;;515500;1;;0;1;;Null;2010;GREAT NORTH ROAD;POLLEN ST;;Non-Injury Crash;No;2010;;East;;0;;Flat;;;;;;Overcast;417700;0;0;0;2;;;0;;;;;;Auckland Region;Nil;2-way;Sealed;;0;0;;50;;Off;0;0;;76;Auckland;Nil;;;;;0;0;Urban;0;;;Fine;Null";;;;;;;;;;
"1766663;5906428;459674;;522302;0;0;0;2;0;East;2016;TUI ROAD;KIMPTON ROAD;;Non-Injury Crash;No;2015;0;West;0;0;0;Flat;0;;0;;0;Bright sun;669602;0;0;0;2;0;0;0;0;0;;0;1;Auckland Region;Nil;2-way;Sealed;0;0;0;0;50;0;Off;0;0;;76;Auckland;Nil;0;0;0;0;0;0;Urban;0;0;0;Fine;Null";;;;;;;;;;
"1752626;5918458;459675;;515002;0;0;0;3;0;Null;2013;WALMER ROAD;TUI ST;;Minor Crash;No;2013;0;West;0;0;0;Flat;0;;0;;0;Overcast;396500;2;0;0;2;0;0;0;0;1;;0;0;Auckland Region;Nil;2-way;Sealed;0;0;0;0;50;0;Off;0;0;;76;Auckland;Stop;0;0;0;0;0;0;Urban;0;0;0;Light rain;Null";;;;;;;;;;
"1758074;5914265;459676;;519300;0;0;0;2;0;North;2006;MANUKAU ROAD;LEWIN ROAD;;Minor Crash;No;2006;0;South;0;0;0;Flat;0;;0;;0;Bright sun;624500;1;0;0;4;0;0;0;0;1;;1;0;Auckland Region;Nil;2-way;Sealed;0;0;0;0;50;0;Off;0;0;;76;Auckland;Nil;0;0;0;0;0;0;Urban;0;0;0;Fine;Null";;;;;;;;;;
"1648343;6127331;459677;;500203;0;;0;1;;East;2015;SH 10;PARADISE ROAD;;Non-Injury Crash;Yes;2014;;North;;0;;Flat;;;;;;Overcast;5000;0;0;0;2;;;0;;;;;;Northland Region;Nil;2-way;Sealed;;0;0;;100;;Null;1;0;;1;Far North District;Unknown;;;;;0;0;Open;0;;;Fine;Null";;;;;;;;;;
"1743636;5922705;459678;;513512;0;0;0;1;0;Null;2013;ROYAL ROAD;KEMP ROAD;;Non-Injury Crash;No;2012;0;East;0;0;1;Flat;0;;0;;0;Bright sun;225304;0;0;0;2;0;0;0;0;0;;0;0;Auckland Region;Nil;2-way;Sealed;0;0;0;0;50;0;Off;0;0;;76;Auckland;Stop;0;0;0;0;0;0;Urban;0;0;0;Fine;Null";;;;;;;;;;
"1807867;5512327;459679;;564021;0;;0;1;;Null;2004;SH 57;SH 56;;Non-Injury Crash;Yes;2004;;East;;0;;Flat;;Christmas New Year;;;;Bright sun;1853800;0;0;0;2;;;0;;;;;;Manawatu-Wanganui Region;Nil;2-way;Sealed;;0;0;;100;;Null;0;0;;42;Horowhenua District;Stop;;;;;0;0;Open;1;;;Fine;Null";;;;;;;;;;
"1876346;5820364;459680;;537500;0;;0;2;;Null;2014;CAMERON ROAD;KENT ST;;Non-Injury Crash;No;2013;;North;;0;;Flat;;;;;;Twilight;1172600;0;0;0;2;;;0;;;;;;Bay of Plenty Region;Nil;2-way;Sealed;;0;0;;50;;On;0;0;;23;Tauranga City;Give way;;;;;0;0;Urban;0;;;Fine;Null";;;;;;;;;;
"1760484.4484;5437405.0737;459681;;569401;0;;0;2;;East;2019;WESTERN HUTT ROAD;BLOCK ROAD;;Non-Injury Crash;Yes;2019;;West;;0;;Flat;;;;;;Overcast;1919600;0;0;0;2;;;0;;;;;;Wellington Region;Nil;1-way;Sealed;;0;0;;100;;Off;0;0;;46;Lower Hutt City;Unknown;;;;;0;0;Open;0;;;Light rain;Null";;;;;;;;;;
"1950661;5791282;459682;;542410;0;;0;0;;Null;2010;DOMAIN ROAD;MCALISTER ST;;Serious Crash;No;2010;;West;;0;;Flat;;;;;;Bright sun;1305400;0;1;0;2;;;0;;;;;;Bay of Plenty Region;Nil;2-way;Sealed;;0;1;;50;;Null;0;0;;25;Whakatane District;Give way;;;;;0;0;Urban;1;;;Fine;Null";;;;;;;;;;
"1567155;5179855;459683;;590702;0;;0;2;;Null;2004;PEVEREL ST;WAINUI ST;;Non-Injury Crash;No;2004;;North;;0;;Flat;;;;;;Bright sun;2471500;0;0;0;1;;;0;;;;;;Canterbury Region;Nil;2-way;Sealed;;0;0;;50;;Null;0;0;;60;Christchurch City;Stop;;;;;0;0;Urban;0;;;Fine;Null";;;;;;;;;;
"1723387.6035;6043274.1934;459684;;504000;0;0;0;1;0;South;2019;EARLS PLACE;NOTTINGHAM ROAD;;Non-Injury Crash;No;2019;0;Null;0;0;0;Hill Road;0;;0;;0;Dark;110002;0;0;0;2;0;0;0;0;1;;0;0;Northland Region;Nil;2-way;Sealed;0;0;0;0;50;0;On;0;0;;2;Whangarei District;Nil;0;0;0;0;0;0;Urban;0;0;0;Light rain;Null";;;;;;;;;;
"1717697;6044769;459685;;503300;0;;0;1;;West;2012;SH 14;HOSPITAL ROAD;;Minor Crash;Yes;2011;;East;;0;;Flat;;;;;;Dark;105700;1;0;0;2;;;0;;;1;;;Northland Region;Nil;2-way;Sealed;;0;0;;50;;On;0;0;;2;Whangarei District;Nil;;;;;0;0;Urban;0;;;Fine;Null";;;;;;;;;;
"1202066;5031285;459686;;609011;0;;1;1;;South;2016;SH 94;CLEDDAU RIV BR 3;;Non-Injury Crash;Yes;2016;;North;;0;;Hill Road;;;;;;Overcast;3174800;0;0;0;2;;;0;;;;;;Southland Region;Nil;2-way;Sealed;;0;0;;50;;None;0;0;;73;Southland District;Unknown;;;;;0;0;Urban;0;;;Light rain;Null";;;;;;;;;;
"1745140;5921050;459687;;513530;0;0;0;1;0;West;2001;SH 16;HURUHURU CK BR;;Non-Injury Crash;Yes;2001;0;East;0;0;0;Flat;0;;0;;0;Overcast;226303;0;0;0;2;0;0;0;0;0;;0;0;Auckland Region;Nil;1-way;Sealed;0;0;0;0;100;0;Off;0;0;;76;Auckland;Nil;1;0;0;0;0;0;Open;0;0;0;Fine;Null";;;;;;;;;;
"1757730.5877;5920459.2748;459688;;514103;0;;0;0;;West;2020;BOWEN AVENUE;PRINCES STREET;;Non-Injury Crash;No;2020;;East;;0;;Hill Road;;Christmas New Year;;;;Dark;437200;0;0;0;2;;;0;;;;;;Auckland Region;Nil;2-way;Sealed;;0;0;;50;;Off;1;0;;76;Auckland;Nil;;;;;1;0;Urban;0;;;Fine;Null";;;;;;;;;;
"1736884;5982559;459689;;505300;0;;0;2;;Null;2011;SH 1N;MATHESON ROAD;;Non-Injury Crash;Yes;2010;;South;;0;;Flat;;;;;;Overcast;142800;0;0;0;2;;;0;;;;;;Auckland Region;Nil;2-way;Sealed;;0;0;;50;;Off;0;0;;76;Auckland;Give way;;;;;0;0;Urban;0;;;Light rain;Null";;;;;;;;;;
"1753169;5930037;459690;;508803;0;;0;2;;Null;2017;ALBANY HIGHWAY;UNSWORTH DRIVE;;Non-Injury Crash;No;2017;;South;;0;;Hill Road;;;;;;Overcast;180855;0;0;0;4;;;0;;;;;;Auckland Region;Nil;2-way;Sealed;;0;0;;70;;Null;0;0;;76;Auckland;Give way;;;;;0;0;Urban;0;;;Fine;Null";;;;;;;;;;
"1561260;5178219;459691;;587500;0;;0;2;;Null;2015;SHANDS ROAD;SEYMOUR ST;;Non-Injury Crash;No;2015;;South;;0;;Flat;;;;;;Dark;2489807;0;0;0;2;;;0;;;;;;Canterbury Region;Nil;2-way;Sealed;;0;0;;50;;On;0;0;;60;Christchurch City;Traffic Signals;;;;;0;0;Urban;0;;;Heavy rain;Null";;;;;;;;;;
"1767794;5899190;459692;;525102;0;0;0;1;0;Null;2018;SISKA PLACE;MAHIA ROAD;;Non-Injury Crash;No;2017;0;North;0;0;0;Hill Road;0;;0;;0;Dark;769100;0;0;0;1;0;0;0;0;0;;0;0;Auckland Region;Nil;1-way;Sealed;0;0;0;0;50;0;On;0;0;40;76;Auckland;Nil;0;0;0;1;0;0;Urban;0;0;0;Fine;Null";;;;;;;;;;
"1565880;5178245;459693;;587702;0;0;0;1;0;Null;2017;SH 73;CURLETTS OFF EBD;;Non-Injury Crash;Yes;2016;0;North;0;0;0;Flat;0;;0;;0;Twilight;2480501;0;0;0;4;0;0;0;0;0;;0;0;Canterbury Region;Nil;2-way;Sealed;0;0;0;0;100;0;On;0;0;;60;Christchurch City;Give way;1;0;0;0;0;0;Open;0;0;0;Fine;Null";;;;;;;;;;
"1754640;5444386;459694;;570800;0;;0;2;;North;2009;LYTTELTON AVENUE;WALTON LEIGH AVENUE;;Non-Injury Crash;No;2008;;North;;0;;Flat;;;;;;Overcast;2052500;0;0;0;2;;;0;;;;;;Wellington Region;Nil;2-way;Sealed;;0;0;;50;;Null;0;1;;44;Porirua City;Nil;;;;;0;0;Urban;0;;;Light rain;Null";;;;;;;;;;
"1707065;5682304;459695;;551301;0;0;0;1;0;East;2018;MCLEAN ST;DOMETT ST;;Non-Injury Crash;No;2017;0;East;0;0;0;Flat;0;;1;;0;Bright sun;1545500;0;0;0;2;0;0;0;0;0;;0;0;Taranaki Region;Nil;2-way;Sealed;0;0;0;0;50;0;Null;0;0;;33;New Plymouth District;Stop;0;0;0;0;0;0;Urban;0;0;0;Fine;Null";;;;;;;;;;
"1873872;5818669;459696;;536514;0;;0;2;;Null;2017;SH 36;TAURIKURA DRIVE;;Non-Injury Crash;Yes;2017;;East;;0;;Flat;;;;;;Bright sun;1191203;0;0;0;2;;;0;;;;;;Bay of Plenty Region;Nil;2-way;Sealed;;0;0;;50;;Null;0;0;;23;Tauranga City;Give way;;;;;0;0;Urban;0;;;Fine;Null";;;;;;;;;;
"1762998.8906;5458951.5216;459697;25;566302;0;;0;1;;Null;2019;PAEKAKARIKI HILL ROAD;LOOKOUT;;Non-Injury Crash;No;2019;;West;;0;;Hill Road;;;;;;Overcast;2010000;0;0;0;2;;;0;;;;;;Wellington Region;Nil;2-way;Sealed;;0;0;;70;;Off;0;0;;43;Kapiti Coast District;Unknown;;;;;0;0;Urban;0;;;Fine;Null";;;;;;;;;;
"1564006;5179195;459698;;587701;0;;0;2;;Null;2009;BLENHEIM ROAD;EPSOM ROAD;;Minor Crash;No;2009;;East;;0;;Flat;;;;;;Overcast;2479800;1;0;0;4;;;0;;;;;;Canterbury Region;Nil;2-way;Sealed;;0;0;;60;;Null;0;0;;60;Christchurch City;Give way;;;;;0;0;Urban;0;;;Fine;Null";;;;;;;;;;
"1850941;5768920;459699;;535261;0;0;0;0;0;North;2017;SH 1N;ROLLETT ROAD;;Non-Injury Crash;Yes;2017;0;North;0;0;1;Flat;0;;0;;0;Dark;1134204;0;0;0;2;0;0;0;0;0;;0;1;Waikato Region;Nil;2-way;Sealed;0;0;0;0;100;0;None;0;0;;19;South Waikato District;Unknown;0;0;0;0;0;0;Open;1;0;0;Null;Null";;;;;;;;;;
"1770911;5444276;459700;;567700;0;;0;1;;South;2012;FERGUSSON DRIVE;BRENTWOOD ST;;Minor Crash;No;2012;;North;;0;;Flat;;;;;;Bright sun;1896000;1;0;0;2;;;0;;;1;;;Wellington Region;Nil;2-way;Sealed;;0;0;;50;;Null;0;0;;45;Upper Hutt City;Nil;;;;;0;0;Urban;0;;;Fine;Null";;;;;;;;;;
"1768743;5900079;459701;;525002;0;;0;2;;Null;2001;PURIRI ROAD;CHURCHILL AVENUE;;Non-Injury Crash;No;2001;;East;;0;;Flat;;;;;;Bright sun;753303;0;0;0;2;;;0;;;;;;Auckland Region;Nil;2-way;Sealed;;0;0;;50;;Off;0;0;;76;Auckland;Nil;;;;;0;0;Urban;0;;;Null;Null";;;;;;;;;;
"1867075;5713747;459702;;541720;0;;0;2;;South;2017;TONGARIRO ST;SPA ROAD;;Non-Injury Crash;No;2016;;North;;0;;Flat;;;;;;Overcast;1275500;0;0;0;2;;;0;;;;;;Waikato Region;Nil;2-way;Sealed;;0;0;;50;;Null;0;0;;21;Taupo District;Unknown;;;;;0;0;Urban;0;;;Fine;Null";;;;;;;;;;
"1747725;5913483;459703;;511100;0;0;0;1;0;Null;2013;WEST COAST ROAD;PLEASANT ROAD;;Non-Injury Crash;No;2012;0;West;0;0;0;Flat;0;;1;;0;Overcast;286100;0;0;0;3;0;0;0;0;0;;0;0;Auckland Region;Nil;2-way;Sealed;0;0;0;0;50;0;Off;0;0;;76;Auckland;Stop;0;0;0;0;0;0;Urban;1;0;0;Light rain;Null";;;;;;;;;;
"1764700.0094;5911585.17;459704;;520500;0;0;0;1;0;South;2019;01N-0431-I;PANAMA OBR;;Non-Injury Crash;Yes;2018;0;North;0;0;0;Flat;0;;0;;0;Bright sun;635601;0;0;0;3;0;0;0;0;0;;0;1;Auckland Region;Nil;1-way;Sealed;0;0;0;0;100;0;Off;0;0;;76;Auckland;Unknown;0;0;0;0;0;0;Open;0;0;0;Fine;Null";;;;;;;;;;
"1763494;5910651;459705;;520500;0;0;0;2;0;Null;2003;GREAT SOUTH ROAD;PORTAGE ROAD;;Non-Injury Crash;No;2003;0;South;0;0;0;Flat;0;;0;;0;Dark;637801;0;0;0;4;0;0;0;0;0;;0;1;Auckland Region;Nil;2-way;Sealed;0;0;0;0;50;0;On;0;0;;76;Auckland;Traffic Signals;0;0;0;0;0;0;Urban;0;0;0;Fine;Null";;;;;;;;;;
"1878799;5819378;459706;;537900;0;0;0;2;0;North;2009;ILA PLACE;HARRISFIELD DRIVE;;Non-Injury Crash;No;2008;0;South;0;0;0;Flat;0;;0;;0;Dark;1179506;0;0;0;2;0;0;0;0;1;;0;0;Bay of Plenty Region;Nil;2-way;Sealed;0;0;0;0;50;0;On;0;0;;23;Tauranga City;Unknown;0;0;0;0;0;0;Urban;0;0;0;Fine;Null";;;;;;;;;;
"1928896.6936;5606135.4927;459707;;547700;0;0;0;0;0;South;2019;HERETAUNGA STREET WEST;STORTFORD ST;;Non-Injury Crash;No;2019;0;South;0;0;0;Flat;0;;0;;0;Overcast;1486000;0;0;0;2;0;0;0;0;1;;0;0;Hawke's Bay Region;Nil;2-way;Sealed;0;0;0;0;50;0;Off;1;0;;30;Hastings District;Unknown;0;0;0;0;0;0;Urban;1;0;0;Fine;Null";;;;;;;;;;
"1755555;5920173;459708;;515302;0;;0;2;;Null;2008;PONSONBY ROAD;PEMBER REEVES ST;;Non-Injury Crash;No;2008;;South;;0;;Flat;;;;;;Overcast;430700;0;0;0;2;;;0;;;;;;Auckland Region;Nil;2-way;Sealed;;0;0;;50;;Off;0;0;;76;Auckland;Nil;;;;;0;0;Urban;0;;;Light rain;Null";;;;;;;;;;
"1461884;5097561;459709;;598312;0;;0;1;;North;2009;SH 1S;OPIHI RIV BR;;Serious Crash;Yes;2009;;North;;0;;Flat;;;;;;Bright sun;2771000;4;0;0;2;;;0;;;;;;Canterbury Region;Nil;2-way;Sealed;;0;1;;80;;Null;1;0;;64;Timaru District;Unknown;;;;;0;0;Open;1;;;Fine;Null";;;;;;;;;;
"1243601;4848322;459710;;611602;0;;0;1;;Null;2005;ELLES ROAD;BALMORAL DRIVE;;Non-Injury Crash;No;2004;;South;;0;;Flat;;;;;;Overcast;3147700;0;0;0;2;;;0;;;;;;Southland Region;Nil;2-way;Sealed;;0;0;;50;;Null;0;0;;75;Invercargill City;Give way;;;;;0;0;Urban;1;;;Fine;Null";;;;;;;;;;
"1439472;5261055;459711;;585318;0;0;0;1;0;South;2004;KANIERE KOWHITIRANGI ROAD;KANIERE ROAD;;Non-Injury Crash;No;2004;0;South;1;0;0;Flat;0;;0;;0;Bright sun;2420200;0;0;0;2;0;0;0;0;0;;0;0;West Coast Region;Nil;2-way;Sealed;0;0;0;0;100;0;Null;0;0;;57;Westland District;Unknown;0;0;0;0;0;0;Open;0;0;0;Fine;Null";;;;;;;;;;
"1933184;5625270;459712;;545611;0;0;0;1;0;North;2013;SH 2;HAWKES BAY AIRPORT;;Non-Injury Crash;Yes;2013;1;North;0;0;0;Flat;0;;0;;0;Bright sun;1413801;0;0;0;2;0;0;0;0;0;;0;0;Hawke's Bay Region;Nil;2-way;Sealed;0;0;0;0;80;0;Null;0;0;;31;Napier City;Nil;0;0;0;0;1;0;Open;0;0;0;Fine;Null";;;;;;;;;;
"1587350;5372284;459713;;581842;0;0;0;0;0;North;2005;SH 63;KERR BAY ROAD;;Serious Crash;Yes;2004;0;West;0;0;0;Flat;0;;0;;0;Dark;2383103;0;0;0;2;0;0;0;0;0;;1;0;Tasman Region;Nil;2-way;Sealed;0;0;1;0;70;0;On;0;0;;51;Tasman District;Nil;0;0;0;1;1;0;Urban;0;0;0;Light rain;Null";;;;;;;;;;
"1754252;5919524;459714;;515410;0;;0;2;;Null;2003;RICHMOND ROAD;SACKVILLE ST W;;Non-Injury Crash;No;2002;;South;;0;;Flat;;;;;;Bright sun;402400;0;0;0;2;;;0;;;;;;Auckland Region;Nil;2-way;Sealed;;0;0;;50;;Off;0;0;;76;Auckland;Stop;;;;;0;0;Urban;0;;;Fine;Null";;;;;;;;;;
"1891677;5566970;459715;;549200;0;;0;0;;West;2002;SH 2;SPEEDY ROAD;;Non-Injury Crash;Yes;2001;;West;;0;;Flat;;;;;;Twilight;1515500;0;0;0;2;;;0;;;;;;Hawke's Bay Region;Nil;2-way;Sealed;;0;0;;100;;None;0;0;;32;Central Hawke's Bay District;Nil;;;;;1;0;Open;0;;;Light rain;Null";;;;;;;;;;
"1807487;5810499;459716;;527131;0;0;0;1;0;Null;2005;TAMAHERE OFF NBD;TAMAHERE DRIVE;;Non-Injury Crash;Yes;2004;0;West;0;0;0;Flat;0;;0;;0;Overcast;960500;0;0;0;1;0;0;0;0;0;;0;1;Waikato Region;Nil;1-way;Sealed;0;0;0;0;100;0;Off;0;0;;13;Waikato District;Give way;0;0;0;0;0;0;Open;0;0;0;Fine;Null";;;;;;;;;;
"1933931;5620416;459717;;546400;0;;0;1;;Null;2008;AUSTIN ST;CADBURY ROAD;;Non-Injury Crash;No;2007;;East;;0;;Flat;;;;;;Overcast;1426600;0;0;0;2;;;0;;;;;;Hawke's Bay Region;Nil;2-way;Sealed;;0;0;;50;;Null;0;0;;31;Napier City;Nil;;;;;0;0;Urban;1;;;Fine;Null";;;;;;;;;;
"1747261;5914308;459718;;511100;0;0;0;2;0;North;2016;GLENVIEW ROAD;GLENORCHY ST;;Non-Injury Crash;No;2015;0;North;0;0;0;Flat;0;;0;;0;Dark;285001;0;0;0;2;0;0;0;0;1;;0;0;Auckland Region;Nil;2-way;Sealed;0;0;0;0;50;0;On;0;0;;76;Auckland;Unknown;0;0;0;0;0;0;Urban;0;0;0;Fine;Null";;;;;;;;;;
"1803380;5815760;459719;;530500;0;0;0;2;0;East;2001;OLD FARM ROAD;CAMERON ROAD;;Non-Injury Crash;No;2001;0;East;0;0;0;Flat;0;;0;;0;Bright sun;889600;0;0;0;2;0;0;0;0;1;;0;0;Waikato Region;Nil;2-way;Sealed;0;0;0;0;50;0;Off;0;0;;16;Hamilton City;Nil;0;0;0;0;0;0;Urban;0;0;0;Mist or Fog;Null";;;;;;;;;;
"1803710;5796442;459720;;527935;0;;0;0;;Null;2013;JARY ROAD;SH 3;;Non-Injury Crash;Yes;2013;;South;;0;;Flat;;;;;;Bright sun;986300;0;0;0;4;;;1;;;;;;Waikato Region;Nil;2-way;Sealed;;0;0;;100;;Null;0;0;;17;Waipa District;Give way;;;;;0;0;Open;0;;;Fine;Null";;;;;;;;;;
"1757474;5920755;459721;;514102;0;;1;2;;South;2014;QUEEN ST;FORT ST;;Non-Injury Crash;No;2013;;North;;0;;Flat;;;;;;Dark;433200;0;0;0;4;;;0;;;;;;Auckland Region;Nil;2-way;Sealed;;0;0;;30;;On;0;0;;76;Auckland;Nil;;;;;0;0;Urban;0;;;Light rain;Null";;;;;;;;;;
"1760847;5916912;459722;;516202;0;0;0;1;0;North;2008;RANUI ROAD;REMUERA ROAD;;Non-Injury Crash;No;2008;0;South;0;0;1;Hill Road;0;;0;;0;Twilight;489600;0;0;0;2;0;0;0;0;0;;0;0;Auckland Region;Nil;2-way;Sealed;0;0;0;0;50;0;On;0;0;;76;Auckland;Nil;0;0;0;1;0;0;Urban;0;0;0;Fine;Null";;;;;;;;;;
"1242470;4849529;459723;;611210;0;;0;2;;East;2004;SH 1S TAY;DEE;;Non-Injury Crash;Yes;2003;;West;;0;;Flat;;;;;;Overcast;3108600;0;0;0;4;;;0;;;;;;Southland Region;Nil;2-way;Sealed;;0;0;;50;;Null;0;0;;75;Invercargill City;Give way;;;;;0;0;Urban;0;;;Snow;Null";;;;;;;;;;
"1800304;5816421;459724;;529700;0;;0;2;;South;2007;VICTORIA ST;MILL ST;;Non-Injury Crash;No;2006;;North;;0;;Flat;;;;;;Dark;909302;0;0;0;2;;;0;;;;;;Waikato Region;Nil;2-way;Sealed;;0;0;;50;;On;0;0;;16;Hamilton City;Nil;;;;;0;0;Urban;0;;;Fine;Null";;;;;;;;;;
"2037406;5708453;459725;;544600;0;0;0;2;0;Null;2010;PALMERSTON ROAD;BRIGHT ST;;Non-Injury Crash;No;2009;0;North;0;0;0;Flat;0;;0;;0;Bright sun;1370500;0;0;0;2;0;0;0;0;1;;0;0;Gisborne Region;Nil;2-way;Sealed;0;0;0;0;50;0;Null;0;0;;28;Gisborne District;Give way;0;1;0;0;0;0;Urban;0;0;0;Fine;Null";;;;;;;;;;
"1406194;4914944;459726;;604410;0;;0;3;;West;2003;HILLSIDE ROAD;ANDERSONS BAY ROAD;;Minor Crash;No;2003;;West;;0;;Flat;;;;;;Overcast;2931300;2;0;0;2;;;0;;;;;;Otago Region;Nil;2-way;Sealed;;0;0;;50;;Null;0;0;;71;Dunedin City;Unknown;;;;;0;0;Urban;0;;;Fine;Null";;;;;;;;;;
"1561955;5170613;459727;;587849;0;;0;2;;East;2008;ELLESMERE ROAD;ROBINSONS ROAD;;Non-Injury Crash;No;2007;;East;;0;;Flat;;;;;;Dark;2500500;0;0;0;2;;;0;;;;;;Canterbury Region;Nil;2-way;Sealed;;0;0;;100;;None;0;0;;62;Selwyn District;Unknown;;;;;0;0;Open;0;;;Fine;Null";;;;;;;;;;
"1545847;5171237;459728;;587904;0;0;0;1;0;South;2005;SH 1S;ROLLESTON DRIVE;;Non-Injury Crash;Yes;2004;1;South;0;0;0;Flat;0;;0;;0;Dark;2493802;0;0;0;2;0;0;0;0;0;;0;0;Canterbury Region;Nil;2-way;Sealed;0;0;0;0;100;0;None;0;0;;62;Selwyn District;Unknown;0;0;0;0;0;0;Open;0;0;0;Heavy rain;Null";;;;;;;;;;
"1316540;4987094;459729;;608302;0;0;0;1;0;South;2009;LETTS GULLY ROAD;SPRINGVALE ROAD;;Serious Crash;No;2008;0;North;0;0;0;Flat;0;;0;;0;Dark;3021700;0;0;0;2;0;0;0;0;0;;0;0;Otago Region;Nil;2-way;Sealed;0;0;2;0;100;0;None;0;0;;69;Central Otago District;Unknown;0;0;0;1;0;0;Open;0;0;0;Heavy rain;Null";;;;;;;;;;
"1574418;5177455;459730;;594100;2;;0;0;;South;2004;SH 74A RUTHERFORD;BARTON ST;;Minor Crash;Yes;2004;;South;;0;;Flat;;;;;;Overcast;2588400;2;0;0;2;;;0;;;;;;Canterbury Region;Nil;2-way;Sealed;;0;0;;50;;Null;0;0;;60;Christchurch City;Unknown;;;;;1;0;Urban;0;;;Fine;Null";;;;;;;;;;
"1757423;5930767;459731;;507710;0;0;0;2;0;West;2014;PETER TERRACE;BEACH ROAD;;Non-Injury Crash;No;2014;0;East;0;0;0;Hill Road;0;;0;;0;Bright sun;314400;0;0;0;2;0;0;0;0;1;;0;0;Auckland Region;Nil;2-way;Sealed;0;0;0;0;50;0;Null;0;0;;76;Auckland;Nil;0;0;0;0;0;0;Urban;0;0;0;Fine;Null";;;;;;;;;;
"1376521;5204693;459732;;585322;0;0;0;1;0;South;2007;SH 6;FORKS-OKARITO ROAD;;Serious Crash;Yes;2006;1;South;0;0;0;Hill Road;0;;0;;0;Dark;2418105;1;0;0;2;0;0;0;0;0;;0;1;West Coast Region;Nil;2-way;Sealed;0;0;1;0;100;0;None;0;0;;57;Westland District;Unknown;0;0;0;0;1;0;Open;0;0;0;Fine;Null";;;;;;;;;;
"1779228;5448908;459733;;566500;0;0;0;1;1;North;2013;SH 2;MARCHANT ROAD;;Non-Injury Crash;Yes;2013;0;West;0;0;0;Hill Road;0;;0;;0;Dark;1914502;0;0;0;3;0;0;0;0;0;;0;0;Wellington Region;Nil;2-way;Sealed;0;0;0;0;100;0;None;0;0;;45;Upper Hutt City;Nil;0;0;0;0;0;0;Open;0;0;0;Fine;Null";;;;;;;;;;
"1762685;5437301;459734;;568301;0;;0;2;;Null;2005;DAYSH ST;HARRISON CRESCENT;;Non-Injury Crash;No;2005;;South;;0;;Flat;;;;;;Dark;1948400;0;0;0;2;;;0;;;;;;Wellington Region;Nil;2-way;Sealed;;0;0;;50;;On;0;1;;46;Lower Hutt City;Nil;;;;;0;0;Urban;0;;;Light rain;Null";;;;;;;;;;
"1752008;5915580;459735;;517901;0;;0;2;;Null;2010;NEW NORTH ROAD;HENDON AVENUE;;Non-Injury Crash;No;2009;;North;;0;;Flat;;;;;;Overcast;523800;0;0;0;2;;;0;;;;;;Auckland Region;Nil;2-way;Sealed;;0;0;;50;;Off;0;0;;76;Auckland;Traffic Signals;;;;;0;0;Urban;0;;;Light rain;Null";;;;;;;;;;
"1740985;5976643;459736;;506660;0;0;0;1;1;North;2010;SH 1N;WAIWHIU ROAD;;Minor Crash;Yes;2010;0;North;0;0;0;Flat;1;;0;;0;Dark;136700;1;0;0;2;0;0;0;0;0;;0;0;Auckland Region;Nil;2-way;Sealed;0;0;0;0;80;0;None;0;0;;76;Auckland;Nil;0;0;0;0;0;0;Open;0;0;0;Fine;Null";;;;;;;;;;
"1569119;5179139;459737;;594700;0;;0;2;;Null;2015;LINCOLN ROAD;MOORHOUSE AVENUE;;Minor Crash;No;2015;;North;;0;;Flat;;;;;;Dark;2659301;2;0;0;2;;;0;;;;;;Canterbury Region;Nil;2-way;Sealed;;0;0;;50;;On;0;0;;60;Christchurch City;Traffic Signals;;;;;0;0;Urban;0;;;Fine;Null";;;;;;;;;;
"1564254;5183359;459738;;588900;0;0;0;1;0;North;2015;ROYDVALE AVENUE;AVONHEAD ROAD;;Minor Crash;No;2015;0;South;0;0;0;Flat;0;;0;;0;Bright sun;2518400;1;0;0;2;0;0;0;0;1;;0;0;Canterbury Region;Nil;2-way;Sealed;0;0;0;0;50;0;Off;1;0;;60;Christchurch City;Nil;0;0;0;0;0;0;Urban;0;0;0;Fine;Null";;;;;;;;;;
"1574697;5183058;459739;;592900;0;0;0;1;0;Null;2017;AVONDALE ROAD;WOOLLEY ST;;Non-Injury Crash;No;2017;0;South;0;0;0;Flat;0;;0;;0;Bright sun;2577207;0;0;0;2;0;0;0;0;0;;0;0;Canterbury Region;Nil;2-way;Sealed;0;0;0;0;50;0;Null;0;0;;60;Christchurch City;Stop;0;1;0;0;0;0;Urban;0;0;0;Fine;Null";;;;;;;;;;
"1765455;5907126;459740;;522201;0;;0;2;;Null;2012;GREAT SOUTH ROAD;SHIRLEY ROAD;;Non-Injury Crash;No;2011;;North;;0;;Flat;;;;;;Bright sun;662300;0;0;0;2;;;0;;;;;;Auckland Region;Nil;2-way;Sealed;;0;0;;50;;Null;0;0;;76;Auckland;Traffic Signals;;;;;0;0;Urban;0;;;Fine;Null";;;;;;;;;;
"1765245;5906370;459741;;522202;0;;0;1;;Null;2009;KOLMAR ROAD;GUIDE PLACE;;Non-Injury Crash;No;2009;;North;;0;;Flat;;;;;;Overcast;663800;0;0;0;2;;;0;;;;;;Auckland Region;Nil;2-way;Sealed;;0;0;;50;;Null;1;0;;76;Auckland;Give way;;;;;0;0;Urban;0;;;Fine;Null";;;;;;;;;;
"1567767;5178031;459742;;590300;0;;0;1;;Null;2002;WRIGHTS ROAD;LINCOLN ROAD;;Non-Injury Crash;No;2001;;East;;0;;Flat;;;;;;Overcast;2539102;0;0;0;1;;;1;;;;;;Canterbury Region;Nil;2-way;Sealed;;0;0;;50;;Null;0;0;;60;Christchurch City;Traffic Signals;;;;;0;0;Urban;0;;;Fine;Null";;;;;;;;;;
"1840018;5682654;459743;;541348;0;0;0;1;0;South;2010;SH 41;MANGAROA ST;;Non-Injury Crash;Yes;2009;0;South;0;0;0;Flat;0;;0;;0;Bright sun;1288400;0;0;0;2;0;1;0;0;0;;0;0;Waikato Region;Nil;2-way;Sealed;0;0;0;0;100;0;Null;0;0;;21;Taupo District;Unknown;0;0;0;0;0;0;Open;0;0;0;Fine;Null";;;;;;;;;;
"1730421;5958980;459744;;506613;0;0;0;1;0;North;2007;SH 16;WEST COAST ROAD;;Non-Injury Crash;Yes;2007;0;North;0;0;0;Flat;0;;0;;0;Dark;146200;0;0;0;2;0;0;0;0;0;;0;0;Auckland Region;Nil;2-way;Sealed;0;0;0;0;100;0;None;0;0;;76;Auckland;Unknown;0;0;0;0;0;0;Open;0;0;0;Fine;Null";;;;;;;;;;
"1757017;5926204;459745;;507900;0;;0;2;;North;2018;SH 1N;AKORANGA FTBR;;Non-Injury Crash;Yes;2018;;South;;0;;Flat;;;;;;Bright sun;304000;0;0;0;3;;;0;;;;;;Auckland Region;Nil;1-way;Sealed;;0;0;;100;;Null;0;0;;76;Auckland;Unknown;;;;;0;0;Open;0;;;Fine;Null";;;;;;;;;;
"1759730;5914619;459746;;519400;0;0;0;1;1;North;2016;CAMPBELL ROAD;HOROTUTU ROAD;;Minor Crash;No;2015;0;North;0;0;0;Hill Road;0;;0;;0;Bright sun;617700;1;0;0;3;0;0;0;0;0;;0;0;Auckland Region;Nil;2-way;Sealed;0;0;0;0;50;0;Off;0;0;;76;Auckland;Unknown;0;0;0;0;0;0;Urban;1;0;0;Fine;Null";;;;;;;;;;
"1758866;5918957;459747;;515901;0;;0;2;;East;2011;AYR ST;PARNELL ROAD;;Non-Injury Crash;No;2011;;West;;0;;Hill Road;;;;;;Bright sun;451800;0;0;0;2;;;0;;;;;;Auckland Region;Nil;2-way;Sealed;;0;0;;50;;Off;0;0;;76;Auckland;Nil;;;;;0;0;Urban;1;;;Fine;Null";;;;;;;;;;
"1771827;5444871;459748;;567500;0;0;0;1;0;Null;2008;FERGUSSON DRIVE;STEPHEN ST;;Non-Injury Crash;No;2008;0;South;0;0;0;Flat;0;;0;;0;Bright sun;1890100;0;0;0;2;0;0;0;0;1;;0;0;Wellington Region;Nil;2-way;Sealed;0;0;0;0;50;0;Null;0;0;;45;Upper Hutt City;Nil;0;0;0;0;1;0;Urban;0;0;0;Fine;Null";;;;;;;;;;
"1882039;5827696;459749;;536821;0;;0;2;;Null;2002;HULL ROAD;NEWTON ST;;Minor Crash;No;2001;;South;;0;;Flat;;;;;;Overcast;1203300;1;0;0;2;;;0;;;;;;Bay of Plenty Region;Nil;2-way;Sealed;;0;0;;50;;Off;0;0;;23;Tauranga City;Give way;;;;;0;0;Urban;0;;;Fine;Null";;;;;;;;;;
"1806277;5811967;459750;;527131;0;;0;4;;Null;2017;SH 1N;CHERRY LANE;;Minor Crash;Yes;2016;;South;;0;;Flat;;;;;;Bright sun;960601;1;0;0;2;;;0;;;;;;Waikato Region;Nil;2-way;Sealed;;0;0;;80;;Null;0;0;;13;Waikato District;Stop;;;;;0;0;Open;0;;;Fine;Null";;;;;;;;;;
"1743790;5919239;459751;;513213;0;;0;2;;Null;2008;METCALFE ROAD;SWANSON ROAD;;Non-Injury Crash;No;2008;;North;;0;;Hill Road;;;;;;Dark;235803;0;0;0;2;;;0;;;;;;Auckland Region;Nil;2-way;Sealed;;0;0;;50;;On;0;0;;76;Auckland;Give way;;;;;0;0;Urban;0;;;Fine;Null";;;;;;;;;;
"1717782;6050249;459752;;502102;0;;0;0;;Null;2012;KAMO ROAD;WILKINSON AVENUE;;Non-Injury Crash;No;2011;;North;;0;;Flat;;;;;;Dark;84700;0;0;0;2;;;0;;;;;;Northland Region;Nil;2-way;Sealed;;0;0;;50;;On;0;0;;2;Whangarei District;Stop;;;;;1;0;Urban;1;;;Fine;Null";;;;;;;;;;
"1747269;5926503;459753;;513431;0;;0;2;;North;2005;HOBSONVILLE ROAD;WALLINGFORD WAY;;Non-Injury Crash;No;2005;;South;;0;;Flat;;;;;;Overcast;221802;0;0;0;2;;;0;;;;;;Auckland Region;Nil;2-way;Sealed;;0;0;;70;;Null;0;0;;76;Auckland;Unknown;;;;;0;0;Urban;1;;;Light rain;Null";;;;;;;;;;
"1748688;5427364;459754;;573101;0;0;0;2;0;East;2006;DIXON ST;VICTORIA ST;;Non-Injury Crash;No;2005;0;West;0;0;0;Flat;0;;0;;0;Overcast;2131500;0;0;0;2;0;0;0;0;1;;0;0;Wellington Region;Nil;1-way;Sealed;0;0;0;0;50;0;Null;0;1;;47;Wellington City;Nil;0;0;0;0;0;0;Urban;0;0;0;Fine;Null";;;;;;;;;;
"1764771;5911290;459755;;520500;0;;0;2;;South;2017;SH 1N;PANAMA OBR;;Non-Injury Crash;Yes;2017;;North;;0;;Hill Road;;;;;;Overcast;636200;0;0;1;3;;;0;;;;;;Auckland Region;Nil;1-way;Sealed;;0;0;;100;;Null;0;0;;76;Auckland;Unknown;;;;;0;0;Open;0;;;Mist or Fog;Strong wind";;;;;;;;;;
"1769742;5913800;459756;;522722;0;0;0;1;0;North;2018;AVIEMORE DRIVE;ABERFELDY AVENUE;;Minor Crash;No;2017;0;North;0;0;0;Flat;0;;0;;0;Bright sun;681320;1;0;0;2;0;0;0;0;1;;0;0;Auckland Region;Nil;2-way;Sealed;0;0;0;0;60;0;Null;0;0;;76;Auckland;Unknown;0;0;0;0;0;0;Urban;1;0;0;Fine;Null";;;;;;;;;;
"1770097;5898490;459757;;523920;0;1;0;0;0;Null;2005;SH 1N;WALTER STREVENS OBR;;Non-Injury Crash;Yes;2004;0;North;0;0;0;Flat;0;;0;;0;Dark;767918;0;0;0;2;0;0;0;0;0;;0;0;Auckland Region;Nil;1-way;Sealed;0;0;0;0;100;0;On;0;0;;76;Auckland;Nil;0;0;0;0;1;0;Open;0;0;0;Fine;Null";;;;;;;;;;
"1877345;5820746;459758;;537700;0;;0;1;;Null;2008;FRASER ST;LANDVIEW ROAD;;Non-Injury Crash;No;2007;;East;;0;;Flat;;;;;;Overcast;1173900;0;0;0;2;;;0;;;;;;Bay of Plenty Region;Nil;2-way;Sealed;;0;0;;50;;Off;0;0;;23;Tauranga City;Give way;;;;;0;0;Urban;0;;;Light rain;Null";;;;;;;;;;
"1756845;5912019;459759;;519810;0;;0;1;;North;2003;FREDERICK ST;PALLISTER DRIVE;;Non-Injury Crash;No;2003;;West;;0;;Hill Road;;;;;;Overcast;597400;0;0;0;2;;;0;;;;;;Auckland Region;Nil;2-way;Sealed;;0;0;;50;;Off;0;0;;76;Auckland;Nil;;;;;0;0;Urban;1;;;Light rain;Null";;;;;;;;;;
"1756514;5924640;459760;;509702;0;;0;2;;North;2010;SH 1N;ONEWA ON SBD;;Minor Crash;Yes;2010;;South;;0;;Flat;;;;;;Bright sun;366700;1;0;0;5;;;0;;;;;;Auckland Region;Nil;1-way;Sealed;;0;0;;80;;Off;0;0;;76;Auckland;Nil;;;;;0;0;Open;0;;;Fine;Null";;;;;;;;;;
"1243495;4848326;459761;;611220;0;;0;2;;Null;2005;NESS ST;BALMORAL DRIVE;;Non-Injury Crash;No;2004;;South;;0;;Flat;;;;;;Overcast;3112300;0;0;0;2;;;0;;;;;;Southland Region;Nil;2-way;Sealed;;0;0;;50;;Null;0;0;;75;Invercargill City;Give way;;;;;0;0;Urban;0;;;Fine;Null";;;;;;;;;;
"1754926;5925809;459762;;509701;0;;0;1;;Null;2008;SLIP ROAD;OCEAN VIEW ROAD;;Non-Injury Crash;No;2008;;East;;0;;Hill Road;;;;;;Overcast;362201;0;0;0;4;;;0;;;;;;Auckland Region;Nil;2-way;Sealed;;0;0;;50;;Off;1;0;;76;Auckland;Give way;;;;;0;0;Urban;0;;;Fine;Null";;;;;;;;;;
"1598420;5458774;459763;;581832;0;0;0;0;0;North;2003;RIWAKA-SANDY BAY ROAD;MARAHAU SUMMIT;;Minor Crash;No;2003;0;South;0;0;0;Hill Road;0;;0;;0;Bright sun;2366700;1;0;1;2;0;0;0;1;0;;0;0;Tasman Region;Nil;2-way;Sealed;0;0;0;0;100;0;Null;0;0;;51;Tasman District;Nil;0;0;0;0;0;0;Open;0;0;0;Fine;Null";;;;;;;;;;
"1244074;4849086;459764;;611400;0;;0;1;;Null;2005;TWEED ST;RAYMOND ST;;Minor Crash;No;2004;;West;;0;;Flat;;;;;;Bright sun;3143900;1;0;0;4;;;0;;;1;;;Southland Region;Nil;2-way;Sealed;;0;0;;50;;Null;0;0;;75;Invercargill City;Give way;;;;;0;0;Urban;0;;;Fine;Null";;;;;;;;;;
"1412263;4916885;459765;;604810;0;0;0;1;0;East;2007;PORTOBELLO ROAD;WELLER ST;;Non-Injury Crash;No;2007;0;East;0;0;0;Flat;0;;0;;0;Dark;2940800;0;0;0;2;0;0;0;1;0;;0;0;Otago Region;Nil;2-way;Sealed;0;0;0;0;70;0;None;0;0;;71;Dunedin City;Unknown;0;0;0;0;0;0;Urban;0;0;0;Heavy rain;Null";;;;;;;;;;
"1863536;5544204;459766;;550102;0;;0;2;;Null;2004;DENMARK ST;HOLDEN PLACE;;Non-Injury Crash;No;2003;;South;;0;;Flat;;;;;;Overcast;1529000;0;0;0;2;;;0;;;;;;Manawatu-Wanganui Region;Nil;2-way;Sealed;;0;0;;50;;Null;0;0;;41;Tararua District;Give way;;;;;0;0;Urban;0;;;Fine;Null";;;;;;;;;;
"1756199;5918831;459767;;515500;0;;0;0;;West;2010;SH 16;NEWTON OBR;;Non-Injury Crash;Yes;2009;;East;;0;;Flat;;;;;;Overcast;417700;0;0;0;4;;;0;;;;;;Auckland Region;Nil;1-way;Sealed;;0;0;;100;;Off;1;0;;76;Auckland;Nil;;;;;0;0;Open;1;;;Light rain;Null";;;;;;;;;;
"1678854;5404641;459768;;581210;0;;0;1;;North;2002;MCLAUCHLAN ST;SH 6;;Minor Crash;No;2002;;South;;0;;Flat;;;;;;Overcast;2293000;1;0;0;2;;;0;;;1;;;Marlborough Region;Nil;2-way;Sealed;;0;0;;50;;Null;0;0;;53;Marlborough District;Nil;;;;;0;0;Urban;0;;;Fine;Null";;;;;;;;;;
"1258383;5004258;459769;;609302;0;;1;1;;Null;2003;EARL ST;CAMP ST;;Non-Injury Crash;No;2002;;South;;0;;Flat;;;;;;Bright sun;3033800;0;0;0;2;;;0;;;;;;Otago Region;Nil;2-way;Sealed;;0;0;;50;;Null;0;0;;70;Queenstown-Lakes District;Unknown;;;;;0;0;Urban;0;;;Fine;Null";;;;;;;;;;
"1643082;6124573;459770;;500202;0;0;0;1;0;South;2001;ORURU ROAD;PARANUI ROAD;;Non-Injury Crash;No;2001;0;South;1;0;0;Flat;0;;0;;0;Dark;3800;0;0;0;2;0;0;0;0;0;;0;1;Northland Region;Nil;2-way;Sealed;0;0;0;0;100;0;None;0;0;;1;Far North District;Nil;0;0;0;0;0;0;Open;0;0;0;Light rain;Null";;;;;;;;;;
"1772263;5903806;459771;;523818;0;0;0;1;0;East;2019;REDOUBT ROAD;TIFFANY CLOSE;;Non-Injury Crash;No;2018;0;East;0;0;1;Flat;0;;0;;0;Bright sun;760600;0;0;0;2;0;0;0;0;0;;0;1;Auckland Region;Nil;2-way;Sealed;0;0;0;0;50;0;Null;0;0;;76;Auckland;Unknown;0;0;0;0;0;0;Urban;0;0;0;Fine;Null";;;;;;;;;;
"1429653;4975198;459772;;600826;0;0;0;1;0;South;2017;SH 1S;MOERAKI BOULDERS ROAD;;Non-Injury Crash;Yes;2017;0;South;1;0;0;Flat;0;;0;;0;Bright sun;2835300;0;0;0;2;0;0;0;0;0;;0;1;Otago Region;Nil;2-way;Sealed;0;0;0;0;100;0;Null;0;0;;68;Waitaki District;Nil;0;0;0;0;0;0;Open;0;0;0;Fine;Null";;;;;;;;;;
"1778032;5878387;459773;;521131;0;0;0;1;0;North;2008;SH 1N;RAZORBACK OBR;;Serious Crash;Yes;2008;0;South;0;0;0;Hill Road;1;;0;;0;Dark;842601;0;0;0;2;0;0;0;0;0;;0;0;Waikato Region;Nil;1-way;Sealed;0;0;1;0;100;0;On;0;0;;13;Waikato District;Nil;0;1;0;0;0;0;Open;0;0;0;Light rain;Null";;;;;;;;;;
"1763451;5907537;459774;;524301;0;;0;2;;Null;2015;GRAY AVENUE;ROSELLA ROAD;;Non-Injury Crash;No;2014;;South;;0;;Flat;;;;;;Bright sun;748000;0;0;0;2;;;0;;;;;;Auckland Region;Nil;2-way;Sealed;;0;0;;50;;Off;0;0;;76;Auckland;Give way;;;;;0;0;Urban;0;;;Fine;Null";;;;;;;;;;
"1756263;5913192;459775;;518701;0;;0;1;;Null;2003;CARR ROAD;HAYR ROAD;;Non-Injury Crash;No;2003;;East;;0;;Flat;;;;;;Bright sun;569600;0;0;0;2;;;0;;;;;;Auckland Region;Nil;2-way;Sealed;;0;0;;50;;Off;0;0;;76;Auckland;Give way;;;;;1;0;Urban;0;;;Fine;Null";;;;;;;;;;
"1758059;5915122;459776;;519300;0;;0;2;;Null;2011;ONSLOW AVENUE;MANUKAU ROAD;;Non-Injury Crash;No;2011;;South;;0;;Flat;;;;;;Bright sun;623600;0;0;0;2;;;0;;;;;;Auckland Region;Nil;2-way;Sealed;;0;0;;50;;Off;0;1;;76;Auckland;Stop;;;;;0;0;Urban;0;;;Fine;Null";;;;;;;;;;
"1772823;5473042;459777;;563705;0;0;0;0;0;Null;2012;PARK AVENUE;NGARARA ROAD;;Non-Injury Crash;No;2012;0;East;0;0;0;Flat;0;;0;;1;Dark;1876802;0;0;0;2;0;0;0;0;0;;0;0;Wellington Region;Nil;2-way;Sealed;0;0;0;0;50;0;On;0;0;;43;Kapiti Coast District;Give way;0;0;0;0;0;0;Urban;1;0;0;Fine;Null";;;;;;;;;;
"1755306;5921842;459778;;515202;0;;0;1;;South;2017;SH 1N;CURRAN ON NBD;;Non-Injury Crash;Yes;2017;;North;;0;;Hill Road;;;;;;Bright sun;423600;0;0;0;4;;;0;;;;;;Auckland Region;Bridge;1-way;Sealed;;0;0;;80;;Null;0;0;;76;Auckland;Unknown;;;;;0;0;Open;1;;;Fine;Null";;;;;;;;;;
"1758090;5915387;459779;;519300;0;;0;2;;Null;2002;MANUKAU ROAD;ARCADIA ROAD;;Non-Injury Crash;No;2002;;North;;0;;Flat;;;;;;Bright sun;624000;0;0;0;4;;;0;;;;;;Auckland Region;Nil;2-way;Sealed;;0;0;;50;;Off;0;0;;76;Auckland;Nil;;;;;0;0;Urban;0;;;Fine;Null";;;;;;;;;;
"1574841.4073;5213401.3233;459780;;585805;0;;0;2;;Null;2019;UPPER SEFTON ROAD;BROAD ROAD;;Non-Injury Crash;No;2018;;South;;0;;Flat;;;;;;Bright sun;2439603;0;0;0;2;;;0;;;;;;Canterbury Region;Nil;2-way;Sealed;;0;0;;100;;None;0;0;;59;Waimakariri District;Give way;;;;;0;0;Open;0;;;Fine;Null";;;;;;;;;;
"1590848;5154600;459781;;596901;0;;0;0;;North;2015;SH 75;HARMANS TRACK;;Minor Crash;Yes;2015;;South;;0;;Hill Road;;;;;;Bright sun;2714100;1;0;1;2;;;0;;;;;;Canterbury Region;Nil;2-way;Sealed;;0;0;;100;;None;0;0;;60;Christchurch City;Nil;;;;;0;0;Open;0;;;Fine;Null";;;;;;;;;;
"1744251;5921725;459782;;513631;0;0;0;1;0;West;2015;LINCOLN PARK AVENUE;TRIANGLE ROAD;;Non-Injury Crash;No;2014;0;West;0;0;1;Hill Road;0;;0;;0;Dark;227500;0;0;0;2;0;0;0;0;0;;0;0;Auckland Region;Nil;2-way;Sealed;0;0;0;0;50;0;On;0;0;;76;Auckland;Unknown;0;0;0;0;0;0;Urban;0;0;0;Heavy rain;Null";;;;;;;;;;
"1695938;6095548;459783;;501200;0;;0;1;;North;2005;OLD WHARF ROAD;PUKETONA ROAD;;Minor Crash;No;2004;;East;;0;;Flat;;;;;;Overcast;50305;1;0;0;0;;;0;;;1;;;Northland Region;Nil;Off road;Sealed;;0;0;;50;;None;0;0;;1;Far North District;Nil;;;;;0;0;Urban;0;;;Fine;Null";;;;;;;;;;
"1885010;5773891;459784;;540410;0;0;0;2;0;East;2002;HINEMOA ST;TUTANEKAI ST;;Non-Injury Crash;No;2002;0;East;0;0;0;Flat;0;;0;;0;Dark;1234700;0;0;0;2;0;0;0;0;1;;0;0;Bay of Plenty Region;Nil;2-way;Sealed;0;0;0;0;50;0;On;0;0;;24;Rotorua District;Nil;0;0;0;0;0;0;Urban;0;0;0;Fine;Null";;;;;;;;;;
"1757785;5920646;459785;;514103;0;0;0;3;0;Null;2018;SHORTLAND ST;BANKSIDE ST;;Non-Injury Crash;No;2017;0;West;0;0;0;Hill Road;0;;0;;0;Overcast;437800;0;0;0;2;0;0;0;0;1;;0;0;Auckland Region;Nil;2-way;Sealed;0;0;0;0;50;0;Null;0;0;;76;Auckland;Nil;0;0;0;0;0;0;Urban;0;0;0;Fine;Null";;;;;;;;;;
"1825755;5838669;459786;;534603;0;;0;1;;North;2004;SH 27;HORRELL ROAD;;Minor Crash;Yes;2004;;North;;0;;Hill Road;;Easter;;;;Overcast;1095000;1;0;0;2;;;0;;;;;;Waikato Region;Nil;2-way;Sealed;;0;0;;100;;None;0;0;;15;Matamata-Piako District;Nil;;;;;0;0;Open;1;;;Fine;Null";;;;;;;;;;
"1576212;5171522;459787;;596400;0;0;0;1;0;West;2014;PARK TERRACE;BRITTAN TERRACE;;Non-Injury Crash;No;2013;0;South;0;0;1;Flat;0;;0;;0;Overcast;2710800;0;0;0;2;0;0;0;0;0;;0;0;Canterbury Region;Nil;2-way;Sealed;0;0;0;0;50;0;None;0;0;;60;Christchurch City;Nil;0;0;0;0;0;0;Urban;0;0;0;Light rain;Null";;;;;;;;;;
"1764876;5445683;459788;;565601;0;0;0;1;0;North;2015;SH 58;HARRIS ROAD;;Non-Injury Crash;Yes;2014;0;South;0;0;0;Flat;0;;0;;0;Overcast;2072600;0;0;0;3;0;0;0;0;0;;0;1;Wellington Region;Nil;2-way;Sealed;0;0;0;0;100;0;Null;0;0;;44;Porirua City;Nil;0;1;0;0;0;0;Open;0;0;0;Fine;Null";;;;;;;;;;
"1768203;5467170;459789;;566102;0;;0;2;;South;2005;SH 1N;RAUMATI ROAD;;Non-Injury Crash;Yes;2005;;North;;0;;Flat;;;;;;Dark;2007402;0;0;0;2;;;0;;;;;;Wellington Region;Nil;1-way;Sealed;;0;0;;100;;None;0;0;;43;Kapiti Coast District;Nil;;;;;0;0;Open;0;;;Light rain;Null";;;;;;;;;;
"1767372;5908163;459790;;523502;0;0;0;1;0;West;2014;VELVET CRESCENT;HILLS ROAD;;Non-Injury Crash;No;2013;0;North;0;0;1;Hill Road;0;;0;;0;Bright sun;701800;0;0;0;2;0;0;0;0;0;;0;0;Auckland Region;Nil;2-way;Sealed;0;0;0;0;50;0;Off;0;0;;76;Auckland;Nil;0;0;0;0;0;0;Urban;0;0;0;Fine;Null";;;;;;;;;;
"1741622;6004842;459791;;505021;0;0;0;1;0;South;2007;JACK BOYD DRIVE;MANGAWHAI HEADS ROAD;;Non-Injury Crash;No;2007;0;North;0;0;1;Flat;0;;0;;0;Dark;133425;0;0;0;2;0;0;0;0;0;;0;0;Northland Region;Nil;2-way;Sealed;0;0;0;0;70;0;None;0;0;;3;Kaipara District;Nil;0;0;0;1;0;0;Urban;0;0;0;Mist or Fog;Null";;;;;;;;;;
"1771185;5914799;459792;;521601;0;0;0;2;0;South;2009;RIDGE ROAD;ELLIOT ST;;Non-Injury Crash;No;2009;0;North;0;0;0;Flat;0;;0;;0;Dark;646300;0;0;0;2;0;0;0;0;1;;0;0;Auckland Region;Nil;2-way;Sealed;0;0;0;0;50;0;On;0;0;;76;Auckland;Nil;0;0;0;0;0;0;Urban;0;0;0;Fine;Null";;;;;;;;;;
"1600251;5444760;459793;;581833;0;0;0;0;0;North;2019;ROBINSON ROAD;REFUSE STATION;;Non-Injury Crash;No;2018;0;South;1;0;0;Flat;0;;0;;0;Dark;2372900;0;0;0;2;0;0;0;0;0;;0;0;Tasman Region;Nil;2-way;Sealed;0;0;0;0;100;0;None;1;0;;51;Tasman District;Unknown;0;0;0;0;0;0;Open;0;0;0;Light rain;Null";;;;;;;;;;
"1246365;4938769;459794;;610020;0;0;0;1;0;North;2001;SH 6;SH 97;;Fatal Crash;Yes;2000;0;South;0;1;0;Hill Road;0;;0;;0;Overcast;3041500;0;0;0;2;0;0;0;0;0;;0;0;Southland Region;Nil;2-way;Sealed;0;0;1;0;100;0;Null;0;0;;73;Southland District;Unknown;0;1;0;0;1;0;Open;0;0;0;Fine;Null";;;;;;;;;;
"1763405;5916134;459795;;517202;0;;0;1;;Null;2011;NGAHUE DRIVE;MAGMA CRESCENT S;;Minor Crash;No;2011;;South;;0;;Flat;;;;;;Bright sun;626304;1;0;1;3;;;0;;;;;;Auckland Region;Nil;2-way;Sealed;;0;0;;50;;Off;0;0;;76;Auckland;Give way;;;;;0;0;Urban;0;;;Fine;Null";;;;;;;;;;
"1748541;5913085;459796;;511401;0;0;0;0;0;East;2017;TITIRANGI ROAD;PARKER AVENUE;;Non-Injury Crash;No;2017;0;West;0;0;0;Hill Road;0;;0;;0;Overcast;262600;0;0;1;2;0;0;0;0;0;;0;0;Auckland Region;Nil;2-way;Sealed;0;0;0;0;50;0;On;0;0;;76;Auckland;Give way;1;0;0;0;0;0;Urban;0;0;0;Fine;Null";;;;;;;;;;
"1766282;5905188;459797;;524603;0;;0;0;;West;2005;PUHINUI ROAD;CARRUTH ROAD;;Fatal Crash;No;2004;;West;;1;;Flat;;;;;;Bright sun;674300;0;0;0;2;;;0;;;1;;;Auckland Region;Nil;2-way;Sealed;;0;0;;50;;Off;0;0;;76;Auckland;Nil;;;;;0;0;Urban;1;;;Fine;Null";;;;;;;;;;
"1770339;5911317;459798;;523106;0;0;0;1;0;Null;2005;BOTANY ROAD N;TI RAKAU DRIVE E;;Non-Injury Crash;No;2004;0;East;0;0;0;Flat;1;;0;;0;Dark;711174;0;0;0;6;0;0;0;0;0;;0;0;Auckland Region;Nil;2-way;Sealed;0;0;0;0;70;0;On;0;0;;76;Auckland;Traffic Signals;1;0;0;0;0;0;Urban;0;0;0;Fine;Null";;;;;;;;;;
"1761608.9823;5436625.0023;459799;;568501;0;0;0;0;0;West;2020;WITAKO STREET;MITCHELL STREET;;Non-Injury Crash;No;2020;0;West;0;0;0;Null;0;;0;;0;Unknown;1946300;0;0;0;2;0;0;0;0;1;;0;0;Wellington Region;Nil;2-way;Sealed;0;0;0;0;50;0;Null;1;0;;46;Lower Hutt City;Nil;0;0;0;0;0;0;Urban;0;0;0;Null;Null";;;;;;;;;;
"1699141;6094670;459800;;501100;0;0;0;1;1;South;2013;SCHOOL ROAD;JOYCES ROAD;;Non-Injury Crash;No;2012;0;North;0;0;0;Flat;0;;0;;0;Bright sun;54501;0;0;0;2;0;0;0;0;0;;0;0;Northland Region;Nil;2-way;Sealed;0;0;0;0;50;0;None;0;0;;1;Far North District;Nil;0;0;0;0;0;0;Urban;0;0;0;Fine;Null";;;;;;;;;;
"1760265;5923411;459801;;509400;1;;0;1;;North;2012;LAKE ROAD;ARIHO TERRACE;;Minor Crash;No;2012;;North;;0;;Hill Road;;;;;;Bright sun;331500;1;0;0;2;;;0;;;;;;Auckland Region;Nil;2-way;Sealed;;0;0;;50;;Off;0;0;;76;Auckland;Nil;;;;;0;0;Urban;0;;;Fine;Null";;;;;;;;;;
"1764297;5446388;459802;;565601;0;;0;1;;East;2013;SH 58 HAYWARDS HILL ROAD;MOONSHINE ROAD;;Non-Injury Crash;Yes;2013;;East;;0;;Hill Road;;;;;;Overcast;2072600;0;0;0;2;;;0;;;;;;Wellington Region;Nil;2-way;Sealed;;0;0;;100;;Null;0;0;;44;Porirua City;Nil;;;;;0;0;Open;1;;;Fine;Null";;;;;;;;;;
"1639936;6107724;459803;;500202;0;;0;0;;South;2018;SH 1N;KITCHEN ROAD;;Non-Injury Crash;Yes;2018;;East;;0;;Hill Road;;;;;;Overcast;6800;0;0;0;2;;;0;;;;;;Northland Region;Nil;2-way;Sealed;;0;0;;100;;Null;0;0;;1;Far North District;Unknown;;;;;0;0;Open;1;;;Heavy rain;Strong wind";;;;;;;;;;
"1571764.4104;5179167.7274;459804;;591500;0;;0;2;;Null;2019;MOORHOUSE AVE 2 NORTH;FITZGERALD AVENUE;;Non-Injury Crash;No;2019;;East;;0;;Flat;;;;;;Twilight;2650900;0;0;0;4;;;0;;;;;;Canterbury Region;Nil;2-way;Sealed;;0;0;;50;;Off;0;0;;60;Christchurch City;Traffic Signals;;;;;0;0;Urban;0;;;Fine;Null";;;;;;;;;;
"1405292.774;4912864.46;459805;;605400;0;0;0;2;0;East;2019;ALBERT STREET;FORBURY ROAD;;Non-Injury Crash;No;2018;0;West;0;0;1;Flat;0;;0;;0;Overcast;2946500;0;0;0;2;0;0;0;0;0;;0;1;Otago Region;Nil;2-way;Sealed;0;0;0;0;50;0;Off;0;0;;71;Dunedin City;Give way;0;0;0;0;0;0;Urban;0;0;0;Heavy rain;Null";;;;;;;;;;
"1572848;5180536;459806;;593501;0;;0;1;;West;2006;ENGLAND ST;LINWOOD AVENUE;;Minor Crash;No;2005;;West;;0;;Flat;;;;;;Dark;2610000;1;1;0;2;;;0;;;;;;Canterbury Region;Nil;2-way;Sealed;;0;0;;50;;On;0;0;;60;Christchurch City;Give way;;;;;0;0;Urban;0;;;Fine;Null";;;;;;;;;;
"1763669;5915268;459807;;520302;0;;0;2;;Null;2002;MARUA ROAD;BURT ROAD;;Non-Injury Crash;No;2002;;West;;0;;Flat;;;;;;Overcast;625900;0;0;0;2;;;0;;;;;;Auckland Region;Nil;2-way;Sealed;;0;0;;50;;Off;0;0;;76;Auckland;Nil;;;;;0;0;Urban;0;;;Fine;Null";;;;;;;;;;
"1242413;4850122;459808;;611210;0;;0;4;;South;2004;SH 6;LEET ST;;Minor Crash;Yes;2003;;South;;0;;Flat;;;;;;Overcast;3106400;1;0;0;4;;;0;;;;;;Southland Region;Nil;2-way;Sealed;;0;0;;50;;Null;0;0;;75;Invercargill City;Unknown;;;;;0;0;Urban;0;;;Light rain;Null";;;;;;;;;;
"1894318.8909;5555187.6605;459809;;549602;0;0;0;1;1;North;2020;NGAHAPE ROAD;BRAEVIEW ROAD;;Serious Crash;No;2019;0;North;0;0;1;Hill Road;0;;0;;0;Bright sun;1524500;0;0;0;2;0;0;0;0;0;;0;0;Hawke's Bay Region;Nil;2-way;Sealed;0;0;1;0;100;0;None;0;0;;32;Central Hawke's Bay District;Unknown;0;0;0;1;0;0;Open;0;0;0;Fine;Null";;;;;;;;;;
"1880037;5825494;459810;;538202;0;;0;1;;East;2001;SH 2;MIRRIELEES ROAD;;Serious Crash;Yes;2001;;East;;0;;Flat;;;;;;Dark;1162800;0;0;0;2;;;0;;;1;;;Bay of Plenty Region;Nil;2-way;Sealed;;0;2;;70;;On;0;0;;23;Tauranga City;Nil;;;;;0;0;Urban;0;;;Fine;Null";;;;;;;;;;
"1701837;5665719;459811;;552702;0;;0;2;;West;2010;SH 3;LEPPER ROAD UPPER;;Non-Injury Crash;Yes;2009;;West;;0;;Hill Road;;;;;;Bright sun;1606800;0;0;0;2;;;0;;;;;;Taranaki Region;Nil;2-way;Sealed;;0;0;;100;;Null;0;0;;33;New Plymouth District;Nil;;;;;0;0;Open;0;;;Fine;Null";;;;;;;;;;
"1761127;5916652;459812;;516002;0;;0;1;;Null;2003;REMUERA ROAD;GREEN LANE EAST;;Non-Injury Crash;No;2002;;West;;0;;Flat;;;;;;Dark;494200;0;0;0;4;;;0;;;;;;Auckland Region;Nil;2-way;Sealed;;0;0;;50;;On;0;0;;76;Auckland;Traffic Signals;;;;;0;0;Urban;1;;;Heavy rain;Null";;;;;;;;;;
"1438273;4999817;459813;;600813;0;0;0;1;0;North;2004;BEACH ROAD;AWAMOA ROAD;;Minor Crash;No;2004;0;North;1;0;0;Flat;0;;0;;0;Overcast;2831101;1;0;0;2;0;0;0;0;0;;0;0;Otago Region;Nil;2-way;Sealed;0;0;0;0;100;0;Null;0;0;;68;Waitaki District;Unknown;0;0;0;0;0;0;Open;0;0;0;Fine;Null";;;;;;;;;;
"1572538;5179934;459814;;593501;0;0;0;2;0;East;2014;CASHEL ST;PERCY ST;;Non-Injury Crash;No;2013;0;West;0;0;0;Flat;0;;0;;0;Dark;2609100;0;0;0;2;0;0;0;0;1;;0;0;Canterbury Region;Nil;2-way;Sealed;0;0;0;0;50;0;On;0;0;;60;Christchurch City;Unknown;0;0;0;0;0;0;Urban;0;0;0;Fine;Null";;;;;;;;;;
"1745573;5920655;459815;;513301;0;;0;1;;South;2018;SH 16;LINCOLN OBR;;Non-Injury Crash;Yes;2018;;North;;0;;Flat;;;;;;Dark;230301;0;0;1;3;;;0;;;;;;Auckland Region;Nil;1-way;Sealed;;0;0;;100;;On;0;0;;76;Auckland;Unknown;;;;;0;0;Open;0;;;Fine;Null";;;;;;;;;;
"1753902;5934309;459816;;508704;0;0;0;1;0;Null;2018;EAST COAST ROAD;SPENCER ROAD;;Non-Injury Crash;No;2017;0;South;0;0;0;Hill Road;0;;0;;0;Dark;179130;0;0;0;2;0;0;0;0;1;;1;0;Auckland Region;Nil;2-way;Sealed;0;0;0;0;50;0;On;0;0;;76;Auckland;Stop;0;0;0;0;0;0;Urban;2;0;0;Light rain;Null";;;;;;;;;;
"1766270;5904593;459817;;524603;0;;0;2;;West;2008;CAVENDISH DRIVE;NORMAN SPENCER DRIVE;;Non-Injury Crash;No;2008;;West;;0;;Flat;;;;;;Bright sun;780202;0;0;0;4;;;0;;;;;;Auckland Region;Nil;2-way;Sealed;;0;0;;50;;Off;0;0;;76;Auckland;Nil;;;;;0;0;Urban;0;;;Fine;Null";;;;;;;;;;
"1740581;5911291;459818;;512902;1;;0;1;;Null;2017;SCENIC DRIVE;WEST COAST ROAD;;Minor Crash;No;2017;;South;;0;;Hill Road;;;;;;Bright sun;282102;1;0;0;2;;;0;;;;;;Auckland Region;Nil;2-way;Sealed;;0;0;;50;;Null;0;0;;76;Auckland;Give way;;;;;0;0;Urban;0;;;Fine;Null";;;;;;;;;;
"1754730;5925752;459819;;508610;0;;0;1;;Null;2004;PUPUKE ROAD;LYDIA AVENUE;;Minor Crash;No;2004;;East;;0;;Flat;;;;;;Overcast;207900;1;0;1;2;;;0;;;;;;Auckland Region;Nil;2-way;Sealed;;0;0;;50;;Off;0;0;;76;Auckland;Give way;;;;;0;0;Urban;0;;;Fine;Null";;;;;;;;;;
"1903687;5566785;459820;;549500;0;0;0;2;0;Null;2010;SH 2;RUSSELL ST;;Non-Injury Crash;Yes;2009;0;North;0;0;0;Flat;0;;0;;0;Overcast;1520500;0;0;0;2;0;0;0;0;0;;0;0;Hawke's Bay Region;Nil;2-way;Sealed;0;0;0;0;50;0;Null;0;0;;32;Central Hawke's Bay District;Give way;0;0;0;1;0;0;Urban;0;0;0;Heavy rain;Null";;;;;;;;;;
"1483549.9046;5376184.8394;459821;;584500;1;;0;1;;North;2019;067-0000;RINTOUL ST;;Minor Crash;Yes;2019;;East;;0;;Flat;;;;;;Bright sun;2391800;1;0;0;1;;;0;;;;;;West Coast Region;Nil;Off road;Sealed;;0;0;;20;;Off;0;0;;55;Buller District;Unknown;;;;;0;0;Urban;0;;;Fine;Null";;;;;;;;;;
"1891967.6287;5812966.8043;459822;;538501;0;0;0;0;0;East;2019;RAYMOND AVENUE;BISHOPRICK CRESCENT;;Minor Crash;No;2019;0;South;0;0;0;Hill Road;0;;0;;0;Bright sun;1214601;1;0;0;2;0;0;0;0;1;;0;0;Bay of Plenty Region;Bridge;2-way;Sealed;0;0;0;0;50;0;Off;1;0;;22;Western Bay of Plenty District;Unknown;0;0;0;0;0;0;Urban;1;0;0;Fine;Null";;;;;;;;;;
"1801770;5814936;459823;;530200;0;;0;3;;Null;2004;BRIDGE ST;VON TEMPSKY ST;;Non-Injury Crash;No;2004;;East;;0;;Hill Road;;;;;;Bright sun;892700;0;0;0;4;;;0;;;;;;Waikato Region;Nil;2-way;Sealed;;0;0;;50;;Off;0;0;;16;Hamilton City;Stop;;;;;0;0;Urban;0;;;Fine;Null";;;;;;;;;;
"1763941;5913635;459824;;520303;0;;0;2;;West;2017;WAIPUNA ROAD;MUSKET PLACE;;Non-Injury Crash;No;2016;;West;;0;;Flat;;;;;;Bright sun;627700;0;0;0;4;;;0;;;;;;Auckland Region;Nil;2-way;Sealed;;0;0;;50;;Null;0;0;;76;Auckland;Unknown;;;;;0;0;Urban;0;;;Fine;Null";;;;;;;;;;
"1766262;5905375;459825;;522202;0;;0;1;;Null;2010;CARRUTH ROAD;ALLENBY ROAD;;Non-Injury Crash;No;2009;;West;;0;;Flat;;;;;;Bright sun;665700;0;0;0;2;;;0;;;;;;Auckland Region;Nil;2-way;Sealed;;0;0;;50;;Off;0;0;;76;Auckland;Stop;;;;;0;0;Urban;1;;;Fine;Null";;;;;;;;;;
"1770550;5875242;459826;;521117;0;0;0;0;0;North;2015;BUCKLAND ROAD;FRIEDLANDER ROAD;;Non-Injury Crash;No;2014;0;North;0;0;0;Flat;0;;0;;0;Dark;824500;0;0;0;2;0;0;0;0;0;;0;0;Waikato Region;Nil;2-way;Sealed;0;0;0;0;100;0;None;0;0;;13;Waikato District;Nil;0;0;0;1;0;0;Open;1;0;0;Light rain;Null";;;;;;;;;;
"1750891;5424466;459827;;576901;0;;0;2;;Null;2008;SH 1N COBHAM;TROY ST;;Non-Injury Crash;Yes;2008;;North;;0;;Flat;;;;;;Bright sun;2176800;0;0;0;4;;;0;;;;;;Wellington Region;Nil;2-way;Sealed;;0;0;;70;;Null;0;0;;47;Wellington City;Give way;;;;;0;0;Urban;0;;;Fine;Null";;;;;;;;;;
"1197708;5040958;459828;;609011;0;;0;2;;Null;2002;SH 94;MILFORD HOTEL;;Non-Injury Crash;Yes;2002;;West;;0;;Hill Road;;;;;;Bright sun;3174900;0;0;0;2;;;0;;;;;;Southland Region;Nil;2-way;Sealed;;0;0;;50;;Null;0;0;;73;Southland District;Unknown;;;;;0;0;Urban;0;;;Fine;Null";;;;;;;;;;
"1768599;5909601;459829;;523113;0;;0;2;;South;2014;SPRINGS ROAD;SMALES ROAD;;Non-Injury Crash;No;2014;;North;;0;;Flat;;;;;;Overcast;711809;0;0;0;4;;;0;;;;;;Auckland Region;Nil;2-way;Sealed;;0;0;;60;;Null;0;0;;76;Auckland;Nil;;;;;0;0;Urban;0;;;Fine;Null";;;;;;;;;;
"1798872;5818801;459830;;528310;0;;0;1;;North;2015;TAYLOR TERRACE;BRAID ROAD;;Non-Injury Crash;No;2015;;North;;0;;Flat;;;;;;Overcast;898700;0;0;0;2;;;0;;;;;;Waikato Region;Nil;2-way;Sealed;;0;0;;50;;Null;1;0;;16;Hamilton City;Unknown;;;;;0;0;Urban;0;;;Fine;Null";;;;;;;;;;
"1745978;5920389;459831;;513301;0;;0;1;;Null;2016;SH 16;LINCOLN OFF WBD;;Non-Injury Crash;Yes;2015;;North;;0;;Flat;;;;;;Twilight;230301;0;0;0;3;;;0;;;;;;Auckland Region;Motorway ramp;1-way;Sealed;;0;0;;100;;On;0;0;80;76;Auckland;Give way;;;;;0;0;Open;1;;;Fine;Strong wind";;;;;;;;;;
"1748348;5427669;459832;;573000;0;;0;2;;North;2009;SH 1N;SOUTH PORTAL;;Non-Injury Crash;Yes;2008;;North;;0;;Flat;;;;;;Dark;2126900;0;0;0;3;;;0;;;;;;Wellington Region;Nil;2-way;Sealed;;0;0;;80;;None;0;0;;47;Wellington City;Nil;;;;;0;0;Open;0;;;Fine;Null";;;;;;;;;;
"1982876;5669387;459833;;545500;0;;0;0;;Null;2006;LAHORE ST;CLYDE ROAD;;Non-Injury Crash;No;2006;;South;;0;;Flat;;;;;;Overcast;1391500;0;0;0;2;;;0;;;;;;Hawke's Bay Region;Nil;2-way;Sealed;;0;0;;50;;Off;2;0;;29;Wairoa District;Give way;;;;;0;0;Urban;0;;;Fine;Null";;;;;;;;;;
"1771339;5907014;459834;;523713;0;0;0;1;0;Null;2017;ORMISTON ROAD;MURPHYS ROAD;;Non-Injury Crash;No;2017;0;East;0;0;0;Flat;0;;0;;0;Dark;712600;0;0;0;8;0;0;0;0;0;;0;1;Auckland Region;Nil;2-way;Sealed;0;0;0;0;60;0;On;1;0;;76;Auckland;Traffic Signals;0;0;0;0;0;0;Urban;0;0;0;Fine;Null";;;;;;;;;;
"1758658;5919829;459835;;515902;0;;0;2;;Null;2005;PARNELL ROAD;RUSKIN ST;;Minor Crash;No;2004;;South;;0;;Flat;;;;;;Dark;453600;1;0;0;2;;;0;;;;;;Auckland Region;Nil;2-way;Sealed;;0;0;;50;;On;0;0;;76;Auckland;Stop;;;;;0;0;Urban;0;;;Fine;Null";;;;;;;;;;
"1791461;5846162;459836;85;527111;0;0;0;1;0;West;2001;OHINEWAI SOUTH ROAD;SH 1N;;Non-Injury Crash;No;2000;0;South;0;0;1;Flat;0;;0;;0;Twilight;940701;0;0;0;2;0;0;0;0;0;;0;0;Waikato Region;Nil;2-way;Sealed;0;0;0;0;100;0;Off;0;0;;13;Waikato District;Nil;0;0;0;0;0;0;Open;0;0;0;Fine;Null";;;;;;;;;;
"1847504;5532026;459837;;550200;0;;0;1;;North;2006;OLD SH 2;HOPELANDS ROAD;;Non-Injury Crash;Yes;2006;;North;;0;;Flat;;;;;;Dark;1544000;0;0;0;2;;;0;;;;;;Manawatu-Wanganui Region;Nil;2-way;Sealed;;0;0;;100;;None;0;0;;41;Tararua District;Nil;;;;;0;0;Open;0;;;Light rain;Null";;;;;;;;;;
"1744731;5921414;459838;;513631;0;0;0;1;0;West;2011;SH 16;LINCOLN OBR;;Non-Injury Crash;Yes;2011;0;West;0;0;0;Hill Road;1;;0;;0;Overcast;227601;0;0;0;2;0;0;0;0;0;;0;0;Auckland Region;Nil;1-way;Sealed;0;0;0;0;100;0;Off;0;0;;76;Auckland;Nil;0;0;0;0;0;0;Open;0;0;0;Fine;Null";;;;;;;;;;
"1826383;5885676;459839;;533502;0;;0;2;;Null;2007;SH 25;BANKS ST;;Minor Crash;Yes;2007;;South;;0;;Flat;;;;;;Bright sun;1055700;1;0;0;4;;;0;;;;;;Waikato Region;Nil;2-way;Sealed;;0;0;;50;;Off;0;0;;11;Thames-Coromandel District;Stop;;;;;0;0;Urban;0;;;Fine;Null";;;;;;;;;;
"1574177;5185898;459840;;590501;0;;0;2;;South;2017;BURWOOD ROAD;CAMEO GROVE;;Non-Injury Crash;No;2016;;North;;0;;Flat;;;;;;Overcast;2506909;0;0;0;2;;;0;;;;;;Canterbury Region;Nil;2-way;Sealed;;0;0;;50;;Null;0;0;;60;Christchurch City;Nil;;;;;0;0;Urban;0;;;Fine;Null";;;;;;;;;;
"1746985;5919790;459841;;512402;0;;0;2;;West;2013;SH 16;TE ATATU ON WBD;;Minor Crash;Yes;2013;;West;;0;;Flat;;;;;;Bright sun;252300;1;0;0;2;;;0;;;;;;Auckland Region;Nil;1-way;Sealed;;0;0;;100;;Off;0;0;;76;Auckland;Nil;;;;;0;0;Open;0;;;Fine;Null";;;;;;;;;;
"1719335;6045478;459842;;503100;0;;0;2;;Null;2005;WALTON ST;BANK ST;;Non-Injury Crash;No;2004;;East;;0;;Flat;;;;;;Bright sun;100400;0;0;0;2;;;0;;;;;;Northland Region;Nil;1-way;Sealed;;0;0;;50;;Off;0;0;;2;Whangarei District;Give way;;;;;0;0;Urban;0;;;Fine;Null";;;;;;;;;;
"1784670;5488189;459843;;564022;0;0;0;1;1;Null;2013;SH 1N;FOREST LAKES ROAD;;Minor Crash;Yes;2013;0;North;0;0;0;Hill Road;0;;0;;0;Bright sun;1882800;1;0;0;2;0;0;0;0;0;;0;0;Wellington Region;Nil;2-way;Sealed;0;0;0;0;100;0;Null;0;0;;43;Kapiti Coast District;Stop;0;0;0;0;0;0;Open;0;0;0;Fine;Null";;;;;;;;;;
"1766230.2357;5899978.5463;459844;;524822;0;0;0;1;0;South;2020;ROSCOMMON RD;ROBERT ROSS PLACE;;Minor Crash;No;2020;0;North;0;0;1;Flat;0;;1;;0;Dark;774431;1;0;0;1;0;0;0;0;0;;1;0;Auckland Region;Nil;1-way;Sealed;0;0;0;0;60;0;On;0;0;;76;Auckland;Unknown;0;0;0;0;0;0;Urban;0;0;0;Fine;Null";;;;;;;;;;
